"Series Number",Filename,Name,Description,Gender,Attributes,UUID
"TEAM BEVEL",,,,,,
1,adewale-the-amebo,"adewale the amebo","adewale the amebo",male,,cad316c3-37f8-4b27-9f53-9d803bfcfee7,07a12e2845447ab768784b8f13a46e689b818bb8728b9f94f1ccdb2a1bdd4b92
2,alli-the-queeny,"alli the queeny","Alli is an LGBT Stan.",male,,a57ecda4-a26f-4e97-a757-e1800af39aab,cb2332a4560ef8e3ffeba9b388c269c5c08d15c8dd9844fea2a385e544692fd4
3,aminat-the-snnobish,"aminat the snnobish","Aminat never really wants to talk to anyone.",female,,0e37ed0d-3e84-4f32-a91f-ec9c4ba8c7de,dc2ef20867ea7eb042cf81f5a8a7da783fe23bc9a42ae29e2457d1fd9adfd7b5
4,aminu-the-carpenter,"aminu the carpenter","Aminu's hands are blessed, he makes the best furniture in the whole of Kano.",male,,4f30b751-96e7-40fe-97fd-e3d44973ff2f,b641418840743f4be48b9556b67812320db7473883e8b04b91825427d54b0089
5,chibuike-the-kudibag,"chibuike the kudibag","Chibuike is too rich. Everyone wonders how he got it.",male,,5ce854f2-7ac1-46fd-b3fe-57583935d1e5,1ebf178dd27f24fcc24db7a742dee87ffacc66ccc0ed9bc1db095414c8d4c611
6,chidinma-the-model,"chidinma the model","From Paris' runways, to London's streets, she's always in demand.",female,,c98db72e-49ac-4ca6-89d5-e00f5fbbcc45,421cd02adb50cf41975122a5698785fcd432cf7d7e4cc94e313ee47f30a0c3ca
7,"chioma-pretty- girl","chioma pretty girl","Chioma's face card is a 100.",female,,182ea888-a85b-42ca-ad73-ed4f8f9aa5c7,fedefd382324c1553fa561422aa0a9eca736bdddc34ab0ba4c1f118ca5b688f3
8,damilare-the-handsome,"damilare the handsome","He's a fine boy. Everyone loves his face(and him).",male,,27eca2dc-d7df-474a-8f8f-1858152c711e,388e51c2c463df72f355757e19d69df9501b7ec9b130bf74fd6ce6bb926c375b
9,ebiowie-the-planter,"ebiowie the planter","Ebiowei has a reputation for nurturing plants.",male,,f1df8270-4d60-4bd4-8959-ba7c384db5c4,ba8ec620cd43d9e6e329d89c75d8510b100178f19138fdedc4d5f71ce09ce393
10,emeka-the-businessman,"emeka the businessman","Emeka only cares about containers. No time to waste.",male,,9b3d75da-4887-4089-aee4-50de3954fdc9,3e61e9c6cce1cbf8389b662e6acaeb16640aa412550aa967fdfa139b8afbfc5a
11,gbeminyi-the-monk,"gbeminyi the monk","He lives in a monastery off the coast. No one has heard him speak in years.",male,,c8b1fd1d-8551-4bb4-8dc4-923a9aeb39fb,5b5aca7faf396b6754894929e5fbc2054f395e34af0a830c0213c9a6a5aa02f3
12,henry-the-sportsman,"henry the sportsman","He's played every sport known to man. Even cricket.",male,,e1225451-bfdf-4a1f-8d37-9cce3a0bd67b,ce4e1ac07d451c64345cd1f5141f953141dacd9bf1a7afe51083d233d686831e
13,mayowa-the-smallie,"mayowa the smallie","Mayowa is so small but everyone loves him even still.",male,,dfbb4163-df24-4d54-b74c-6218a68df8bd,fcd3c2bb7780f453b583ca48dc40c1ac8f51b76399e6f24af8ee35da447342f0
14,muyiwa-the-stylish,"muyiwa the stylish","Muyiwa has a motto which is never to be caught unfresh.",male,,dcf9d5a0-57b7-4126-a05e-6c8f1045d3f7,ef3510030fcece852214477cad2879e09480b46438f74f80b00ea68dcce4b309
15,nina-paper-chaser,"nina paper chaser","Nina na Igbo girl wey like money. Finish.",female,,59524227-dc52-407c-8cca-e9e8c5fb3018,5b7821a0d8a1279d7b26619cc3d87be544d85c4ea8b69167ac724468ce9b7c2b
16,oluwaseun-spicy,"oluwaseun spicy","He loves spicy foods. He cooks pepper and sprinkles rice on top.",male,,808f7007-6552-4efa-bd13-4b7c337b102b,fca2722b17a09525ed0944bd92cb60286ab7684d99be8c1b5c0a3d035c3cc2d1
17,sesan-the-smartie,"sesan the smartie","Sesan always comes first in competitions.",male,,ba3edda7-8940-4ca4-97ba-826398d5909f,5b569037acfc3150c57dafe886790014fa329468b3e8b91e2a613640e847ddfe
18,tiwa-london,"tiwa london","If she says she's in London and you see her, you're in London too.",female,,78da7aeb-8352-4e25-89ac-dc48b5984089,64826caf260fef07bcb9488b2b7425985dd7d5c05f7a6cbf0ddf2783526055c4
19,tunde-yoruba-demon,"tunde yoruba demon","Tunde derives joy in breaking girls heart. It's a lifestyle.""",male,,53b46bd7-a537-402b-b249-0b4074a8faae,d29484fb4fefa64f9760a8d1a4fdd7db32592e3f908c8d6ccb7a740af0682f58
20,yakubu-the-zombie,"yakubu the zombie","Yakubu earned his zombie title because na only dust full him head.",male,,4adb6781-1614-424e-8f77-fe59ffca2209,30c3480e9c7ace67202f7443808b94e6a2a2f1358f62df8a5ce048894a9fc91d
"TEAM CLUTCH",,,,,,
21,abdul-the-vibe,"abdul the vibe","abdul the life of the party and can never be caught unfresh",male,,770f817a-9d9a-4772-9a91-e66dd9d03470,2ccaae78413c8568f6a2e70d4f3ad8ff3ab8de663b17a9e4de4cef71b2b6cff6
22,"emeka-the -clown","emeka the clown","emeka the funny man, always making silly jokes",male,,78810fa6-a7ef-4d83-bf57-caf49db4ee69,4804cd6f76c1372a60905d00390796b0506c345cc1556c0363aeaae4a55faa46
23,salam-the-odogwu,"salam the odogwu","salam is a big time textile marketer always sourcing for quality materials",male,,f2957ded-022c-4b07-92c6-b345d4816a67,d82937fa315badaee1a0c4665c76f08b52803efbb865d74fa81ee50426533eff
24,24,"charles the exporter","charles a business man an importer and exporter never to be caught idle",male,,09395e76-19ed-4852-8748-795ee7496a8e,58cf819d1c0e0f233429a7171dee2e8d3a2e716d4b4c53d03b5ce151e4d556ee
25,wole-the-pimp,"wole the pimp","wole knows all the babes in town and is always pimping them out",male,,4d94d4f7-9b69-4e43-9db1-1fe83df92857,7d8ea9991282ffb075705d55305a96de201524c02dacb6eeff274fe51844c857
26,saro-the-baller,"saro the baller","saro is a baller and is always ready to turnup",male,,d35a7514-8996-42fb-a5f2-5a603ec679c5,d4ef9eceb4a3ad900f424fd3c1a8cace9739a06bc1b4d53a1d850b44fb0737bc
27,ade-omo-yoruba,"ade omo yoruba","ade a yourba man takes pride in the yourba tribe",male,,92984fa0-310b-4377-8a10-15965d044383,940de58b6f522097b79e181c533647264aca3a851273bf6ec97e6f4ee3de0a0c
28,shola-cool-kid," shola cool kid","shola prefers to be alone because he hates stress",male,,3ac5c186-bc14-4eb6-8567-cc818465a64f,a7ce63a05dbb7d2046dac9120c4d7fc796179fd526ea862076a5b3544ea8afc2
29,charlie-the-smoker,"charlie the smoker","charlie uses smoking as a coping mechanism",male,,71a0aa22-d111-43b7-8484-43d87310bc42,e59b7f34f9357278160067cc0ef0f720ad51f02059782445127e7fca1cd350d8
30,femi-the-badguy,"femi the badguy","femi is the biggest guy in lagos and he has served plenty babes breakfast",male,,e493e3fb-a8a0-455a-854f-0f6474bbc69f,ae558649f31ad82967fdc001807d7ff7423309041a9e51cc642a266b341f69ed
31,sinzu-money,"sinzu money","sinzu loves spending money on flashy things",male,,942f8347-9932-4331-bd15-d0f3a048b54f,4e029707f64af8bcc7bc4ea52c5753446ef246bf344b791ec8ef0331a8491705
32,"obinna-the-palmwine tapper","obinna the palmwine tapper","obinna taps palmwine for a living",male,,0f1af056-2548-4407-bed4-abc11deae05d,79adb016e2f3ba27c940baeaabd3b34949f0a3fa049baceed7d63017eedbdb8d
33,aminu-maikudi,"aminu maikudi","aminu is a wealthy man from a family with generational wealth. His exquisite taste shows it",male,,0129e7a5-e3d0-4675-92d0-1a1e55d11612,a156e5c911603933dd8e10818c76ae4c6c4f56dba1610a8ace02d917768e1968
34,"sabinus-the-town crier","sabinus the town crier","sabinus delivers messages to his town people",male,,01d4ce96-818e-44b1-8813-68a7d34b35ba,d533e82d860a6a6768dd88f8d693993d7544d8b928089c831bc82d367a107cfe
35,adisa-ibadan,"adisa ibadan","adisa the greatest man in the whole town of ibadan, is authority can never be questioned",male,,3a925f27-35f6-4dbf-9960-c6527fae5f3e,81f62f255dbe8a098e404813f13c14d0137aa49bc17842a8cf358ada85c136c6
36,linda-the-navigator,"linda the navigator","linda knows how to make a way for herself and people around her",female,,71f335a6-5a4f-4410-9cea-179336f0e498,4c81b0396fac7bbadc5330bf3f6b6a96d6097a2a18f853479c402db98a88ab00
37,"kemi-the-iron lady","kemi the iron lady","kemi the strongest woman known to the town of  igbede people",female,,35b11a31-5b92-49f4-8fb1-30f255d22054,9e39e8773a8c79a29de69d1e7940dd4a909adf447f161ea3116af171a7f73f76
38,"mercy-the-sassy lady","mercy the sassy lady","mercy only care about spending her father's money and treats people like trash",female,,7a3c70ac-927f-4a63-a3df-ab86dd27cd0f,535eba97d904ebc16d1e91fe5534f2688a3437e84c7f23cc287b971ccfa0b657
39,sandra-money,"sandra money","sandra likes getting and spending money",female,,1bd95fb0-7b2e-4354-bebd-22f9cf70a1ca,5240be1363fd97519c69b585263197b47f77d49261ddb72adf2b8825d4c56974
40,bimpe-the-fashionista,"bimpe the fashionista","bimpe loves wearing trendy clothes and looking gorgeous",female,,92b548b7-998b-46b6-8198-80d407209483,f365a1bb019591432f2d3f6faaba6bfd25c9ba9d759ebf2c25043fd7085cf998
"TEAM ENGINE",,,,,,
41,kim-rich-aunty,"kim rich aunty","she loves spoiling her nieces and nephew",Female,,3344a73c-f15e-4afd-a1b2-3199e27eb08f,c04b50bd3880e3d5f16de6665dd7f98c7aa5b2d2aefacf83af76c577981cf7a2
42,barbra-vampire-bc,"barbra vampire bc","she loves drinking the blood of her victims",Female,,4f31fd99-4918-42a9-a112-fa60ef36d5c6,85c4729eeeec3cead774881b609c00304309d6064ce8f5c375c1456be1ffc1dc
43,jean-art-dolger,"jean art dolger","loves collecting art for charity ",Female,,5e1105d9-e485-462d-a5bf-1eb931976b13,4436358aa7a6a5574c08d3cbfb8379b214b9f12e2cd574cba2935cb668ca1fe8
44,"flora-burger- eater","flora burger eater","she loves eating burgers",Female,,054dffd1-cdff-417b-b6c2-a679dabd087b,dd8f67802476a2927ced5a85afa323958c7de1841f7e41f687989e5d03acbcc6
45,jessie-lord-rings,"jessie lord rings","she seeks her 'precious'",Female,,caacabe1-0abc-43af-92e2-2231248bff93,7b450f86c22e57f346bf18b81e953f22d685e474c928888e5e232da93eb83f09
46,pinky-monky-ponk,"pinky monky ponk","she love to dance the honky tonk",Female,,bd6a4b38-543e-40fa-9153-f7e1a947ebb1,3ec3ebb4f6b7b5c9bcae85325b56fb18fe0e630085251326c837e22b01354328
47,wanjiru-hippie-glitter,"wanjiru hippie glitter","a hippie that loves her glitters",Female,,683f0d27-3cb4-4948-b1b5-09f10bee575a,baeaa82548abc1fa3d53ec44a16c93b30740cf6d942e310ee36b8c88ea581aef
48,njoki-binary-coder,"njoki binary coder","she codes with the best and tops the set",Female,,9b59bdb4-0c6c-4107-9d72-6d38d308edb4,2d6a8088a8343e87d13e9bbbd70d660f813b5d2485ac5f969654210e58c9ba19
49,wangu-calaba-hustler,"wangu calaba hustler","she's a mean hustler so be careful",Female,,67f7da93-3925-4def-b660-58f558c14a19,6e7142f74879004a410ef86eb478e585e8303a36d00781d882ac4bb0d39202e7
50,lulu-dey-kpako,"lulu dey kpako","she's as skinny as she is beautiful",Female,,23b6c38f-ab84-4565-bfe9-d9eb019c9f29,f154da8602bbcc6c1a7645eb74e340da2e7512db74cd6bb71758393685268568
51,kiki-cala-flier,"kiki cala flier","she flies first class and gets the best deals",Female,,d24aefff-c9fc-4ea9-a7cf-1b741076c822,324cf02c0856fcc10d5279f17e2d565b085fa7e979e244ee607e8832653227df
52,"purity-nft -investor","purity nft investor","she is an angel investor looking for the next big thing",Female,,ee86ef77-4793-411a-88d3-ea54d84f6b24,f99c2a8ffa42169f5df92aa9845ad06eaf45ebdc2cde8e590b193b794b0d8eec
53,june-binary-monk,"june binary monk","she has a twin thats from Tibet ",Female,,102c4cdb-f812-44fd-bf47-5065284c6075,37a7d90c08af50a2096f023bae22814197f69b0fdb6e5bb996e2f1ea3ab469b9
54,aisha-crows-damsel,"aisha crows damsel","she is always a damsel in distress",Female,,c4071af3-b49e-4ad6-898b-7828f90465fb,6f3e7456c26a5fbe88126b2d50f7a0b70b907ba6af79d0e2be9a8effe2ac0745
55,bobo-crypto-lovely,"bobo crypto lovely","she is a crpto guru you can trust all through",Female,,427ea0f5-30a3-4d70-a5bd-a6106409b83c,e75e85828022777af8c89972989c7b673b6b75c5dbc8943d0ceacf9f25fc6218
56,"nell-light -embrace","nell light embrace","she is an empath; ready with a kind word or hug",Female,,9dfe30b4-c71a-471c-8091-f5c4a238eed8,dff36fc9e99f9885a972231cd482e7dd449cc79cba977ab719f8611ca3f69f7c
57,rachel-mood-silent,"rachel mood silent","introvert  to the core, a mysterious lady",Female,,11450acd-f0d7-406f-bc18-bdb680404845,a1cb4cebc70c6ef044a18bf9e8602661d2f71163a490f391d3b0c95bbfd01f2c
58,nana-reflector-agent,"nana reflector agent","she loves her chrome fashion stye",Female,,63bda633-bfca-4b28-823f-7772936b4103,43dc81e3da847b3d2ffe55be9d30a63d5fde40210a4e2cffd3ef561e299f100f
59,bree-busy-gossip,"bree busy gossip","never wisper your secrets to her, except you want the world to know",Female,,4f5898d9-fc99-4053-a56c-b2ec1ef41347,21d1b7dc8d02458043fa317a10401bb56c8daac4498e005133703d2a8a859532
60,jude-shadow-fighter,"jude shadow fighter","a ninja warrior, the last samurai standing",Female,,a47b2ed7-d4aa-4404-ac40-0ecea464cf3f,b35c3e694ff333c539fae41b3ccb13b748d2188ef5f06aaf9b71d960fbbf1ced
,,,,,,
"TEAM GRIT",,,,,,
61,toy-soldier,"toy soldier","a man stronger than an army",male,"hair: bald, strengths: powerful, weakness: sentimental",fc8ea3ac-59d1-11ed-9b6a-0242ac120002,c1550519e0ba55375dba0aa45dc774666a25132021614ddba94e9a47812d198c
62,pipey-rivers,"pipey rivers","a man who loves the water so much and fixes its path",male,"hair:bald, strengths: calculative, weakness: public speaking",58f69cae-59d1-11ed-9b6a-0242ac120002,654dad4a9db22a425427403098b3d07e82b9bfa4ae384a52be5af414dce8c500
63,phiri-of-zambia,"phiri of zambia","an african woman with strength and beauty",female,"hair: two purple bun, strengths: free spirit weakness: blind ",24b537fa-59d3-11ed-9b6a-0242ac120002,163f746e8627802c1aeb48f56b6aff81d20e91f3c9f8cfd9176424221a948c29
64,patrick-of-bikinibottom,"patrick of bikinibottom","a white man who loves the African culture and associates with their dressing",male,"hair: bald, strengths: adaptation, weakness: fluency",064c7b84-59d3-11ed-9b6a-0242ac120002,30e207e40809543806ef9937cb12a314e0c09985cbba8ffca93be6d0093b2ec5
65,nobuhle-of-zulu,"nobuhle of zulu","a woman well endowed with beauty",female,"hair: brown bun, strengths: cool headed, weakness: pressure",1ee5b1ce-59d3-11ed-9b6a-0242ac120002,19a4f6ffb9e27f106413fba43ab95d797b4c9a1efe0cff0e2f58c9d26808802a
66,nkosazana-of-xhosa,"nkosazana of xhosa","an african princess always proud of her culture",female,"hair: ginger afro, strengths: confidence, weakness: endurance",2f1a1724-59d3-11ed-9b6a-0242ac120002,cde10846eb6c771115a779877d3dd903f922b6bec53fceb8a8167f0a0fe0b7a3
67,mandla-of-zulu,"mandla of zulu","a simple and an introvert who keeps to himself",male,"hair: bald, strength: strong willed, weakness: relationship",d04553b2-59d7-11ed-9b6a-0242ac120002,34fa220dca275991d0974e19bc96f200ee8c21d07fd07e3263e34e98b93a19a6
68,john-doe,"john doe","a principled guy who is conscious of his health and ensures protection from infection",male,"hair: bald, strength: cleaniness, weakness: perfectionist",5d19795e-59d2-11ed-9b6a-0242ac120002,f648b274a65cfcd83dadfc96cc08be9c5b90d43103bb9376baa6746339712bdd
69,ghost-of-power,"ghost of power","a woman stronger than ten men combined",female,"hair: black tied with scalf, strength: badass weakness: cancer",29c764ca-59d3-11ed-9b6a-0242ac120002,c41d04383e309030ac588326b9e0663bd7a950a34b075b79a3f66bc74428e337
70,freida,freida,"a man who is always peaceful",male,"hair: bald, strength: peaceful weakness: anger",ee671c4a-59d2-11ed-9b6a-0242ac120002,8b9027cfcf4651dd7ef7414a7bb28472d70bd97efc0b40ab4b11f38d3e04d194
71,flamboyant-tree,"flamboyant tree","beautiful african woman",female,"hair: one bun dark brown, strength: beauty, weakness: lover girl",380e4990-59d3-11ed-9b6a-0242ac120002,58bcb685410c24d4cb7482840dba5a4c6d294d794c3a11200172b1fd2b44c330
72,david-of-accra,"david of accra","a combatant who fights and defends his people",male,"hair: bald, strength: super powerful, weakness: sleeping",1c1ef1b4-59d1-11ed-9b6a-0242ac120002,33b23e3645f028229ddd10a35bffa2ee689a75814601a1b2249f0c3ca0bbf4b1
73,cally-lily,"cally lily","a man who is a breath of fresh air",male,"hair: male, strength: calm weakness: sun",82bba87c-59d1-11ed-9b6a-0242ac120002,b49598dedb880ad8e73c2e7fa71211774914299c5d78c8eab8977047b797388d
74,bubune-of-accra,"bubune of accra","a man with honor, always conscious of his health",male,"hair: bald, strength: clean weakness: foodie",faa4b530-59d2-11ed-9b6a-0242ac120002,d16ad3658798997450e511484251d121b7583fc9b120a7c48c0671d9de11ed38
75,bediako-of-accra,"bediako of accra","a strong man always ready to fight for what is right",male,"hair: bald, strength: activist, weakness: irrational",fb6e8222-59d0-11ed-9b6a-0242ac120002,ecb2e62f2697fe0316b1ec1ea959a0022e1648fb153d00c12edd0ed878ff9536
76,avatar-aang,"avatar aang","a man who is ready to save the world",male,"hair: bald, strength: mind games, weakness: insomia",169f93a0-59d2-11ed-9b6a-0242ac120002,93051528ad8717315eb31dc7178c86fcce7c55a32b4a7892bc5e97cfc31a2cd4
77,argus-greek,"argus greek","a man who you will always find on the look out ",male,"hair: bald, strength: strong , weakness: lateness",e7f26b26-59d2-11ed-9b6a-0242ac120002,8dcae74880b782e445b183e3d14f3ae6d4364f8a5fb17b702b5a099e00c1be6e
78,amahle-of-zulu,"amahle of zulu","A traditional man, feeling fulfilled",male,"hair: bald, strength: conversationist, weakness: traditionalist",169f93a0-59d2-11ed-9b6a-0242ac120002,be050673878e610e122b37551ab122f28ccb3ed053adbf2b8ae5fb3978886769
79,agnar-ole,"agnar ole","a man who feels like an outcast and always has a battle with his mind",male,"hair: bald, strength: strong willed, weakness: crying",f3f11fd0-59d2-11ed-9b6a-0242ac120002,0c02ed33039a474a07c68ad64ec01d6b9da13e84dfaf3d838e6c4d12857ac890
80,adom-kulu,"adom kulu","a Ghanaian model, proud of his culture",male,"hair: bald, strength: height,  weakness: pride",00f6589e-59d3-11ed-9b6a-0242ac120002,9a4ed0c70e277257f8568afe0f37ac02107162d41275f6c0da14afdce83816b2
,,,,,,
"TEAM PRYBAR",,,,,,
81,segun-baller,"segun baller",,,,58ac5cf6-b644-41c6-af79-ec9aa5f6bdd1,15e40e7d513ba213cd992d581177f98c401292268fa9ec4d9144a1bec6a3a461
82,bolanle-pepper-dem,"bolanle pepper dem",,,,46966104-775b-4443-90bb-b35afd121653,f39c2c4ae30c7d6b1de3dad3e510f312ce69416057b9ce791269f4a0b50889cf
83,tayo-tailor,"tayo tailor",,,,70828783-ac38-48cf-b966-cfebc92ebd86,1696544b17d896da02e50dc36f4f962dac86d31edea75167c3f015d04af373b2
84,ajasco-comedian,"ajasco comedian",,,,8bebdb3a-f0a8-47ba-892f-39aa275fbd0d,784fc4f16ee459b9a787dcf518b1ba2d5c42e14026972aa01bdb062727cf48be
85,tobi-babyboy,"tobi babyboy",,,,3da592d4-5dec-4bc5-8412-f1b2a0269f95,f66df15cea8df764aa2550fe3a0cdfbc8ba202c56ec68eaef490337d089c4a0d
86,esther-sassy,"esther sassy",,,,0642a25a-966d-446f-b021-a6d18e7fa0c5,66c36b3e885582d5c517d2547576f9682a3aee4c0b6d3e70ca4f490401494c5a
87,ozo-fineboi,"ozo fineboi",,,,fdb0a5b6-7367-48bb-bd6b-720ec8c15226,6fb4694f84dc48128f6b88e4651f683fc591fc7719ef45ece1bf317db2cf74ba
88,ade-party-girl,"ade party girl",,,,7e3db30c-9faf-430d-ab48-b854fe0456b9,8e8ba4524cbebb31873a512c907f60e4890d142e2c5c94dc5ee0524b04569264
89,john-casco,"john casco",,,,2eff88ef-5bc2-4779-917a-533e952e2953,991fc02bce9cbbc8e9f871f37c02776c8461e1c27022cb3c7c1d074d6a5fea26
90,agha-uwa,"agha uwa",,,,8478a002-1eba-4a05-8b98-7170c6e39254,acf5d53a149f4bc46e0440c08c9015eba5f36218493dba643bfc5a08c5af8374
91,udeme-great,"udeme great",,,,d1476409-6f8b-4be9-8c93-24d9123749c5,780abc18cfc1fb2f47a0089de0ddef89b3c8d8069b6f34b7f31d2230d42f038c
92,femi-tech-bro,"femi tech bro",,,,ba3ec22a-13d5-4e19-9b7f-aac764fda28c,414e925bae6611bd80ba9e67b662d8bf67d5cb9ca13b4216e8bb74ee309d16a1
93,sai-baba,"sai baba",,,,fdfff369-5b57-4612-9f89-f5d408f24a35,fa9d798dfee8fafea39dec3f6de9238e982e304773b05cb888f50afe3a559d52
94,omo-pastor,"omo pastor",,,,49e09559-61a6-41ff-811a-272721a7475c,5ffa128319d4259e3326d498ff0533772efa1225b5a6a80ade5d638ec978e212
95,obi-container,"obi container",,,,4b64cf48-94fa-4aed-8cf2-452974b48ee3,473f9540ab22b88f38d381cc36c9077d16e728033be1071fcbecd3b9c444c6e5
96,erigga-international,"erigga international",,,,3ac39a5e-7b0c-4371-b0c8-7cb4b68aed2c,6c2a134c51e85da5a66ca9775c161357d7469dbcf1ccbd583166300654971005
97,ayo-web3-bro,"ayo web3 bro",,,,c137ec2b-18cd-4c29-a194-af29ac9e6c1c,68aef4c70ac5948ed079ac24ef719e443d9162f9940afea53769563b0b3c05d8
98,phoebe-queen-bee,"phoebe queen bee",,,,1277e9c0-81dc-4747-89df-a9d2ae4fcf96,199d8f9a10b9d7b3b298ea96910e9083fe4561feab33cdd2752599278b9d208b
99,rachel-warri-babe,"rachel warri babe",,,,19e6af3b-ef2d-46ba-ba05-59fb612ebbee,d0b8e3f1525b0a23a71af85810f8a869a36ab852ebe67679fc4710c3b13cf82d
100,adun-preacher,"adun preacher",,,,cc4dfedf-c343-48db-ad67-e39452ec2380,330104a424bcbf8ca1ad15917db35a2587ba8507f9a3d0cd0db7335fe0d8dec8
,,,,,,
"TEAM CHISEL",,,,,,
101,adebola-omo-oba,"adebola omo oba","Adebola loves soft life with her fathers wealth",female,,fbf43611-f267-4cba-bf4b-a3ffdc122589,bd479de7ed268ec6c8e065870e17e202dc72c10f5c9c15609ef9e899790a9dca
102,chichi-the-dancer,"chichi the dancer","Chichi loves dancing and party",female,,e7c32b06-7022-49b4-bbe5-81e8c1d58583,b8ed6298bd8fdd88a949ad7db01473847bfa0ab5c1602df69b51c096815852f2
103,hammed-the-farmer,"hammed the farmer","Hammed owns a farm with his family",male,,e57d8985-599e-49da-8d62-fc16b7ac93f2,15e23bf470b24d540372e8528dd2919fa529b3aca6d0d2315011ac9e673fcfb9
104,farida-the-tivlady,"farida the tivlady","Farada is a traditional TIv woman",female,,31d3e229-003e-43c8-ba82-38f49cf58ccb,306dc1b08791421dfc91cd5838bdd335756a7b6a1e537b5b7fd00ae02721f445
105,hannah-the-singer,"hannah the singer","Hannah loves singing and belongs to choir",female,,281f5bd7-5282-458b-9811-e369980e7dee,ccb18454c3f2ff417ecc2da0ac0973019d923137b447df3e5a580074175b3d79
106,nonso-the-igbogirl,"nonso the igbogirl","Nonso is an Igbo girl that loves money",female,,5cfa76df-8376-4505-af12-78af24f108d6,25e91a9c7c383ad9ba51d832b755c00362a774534945fc96374d7401d03ce2bf
107,shade-olori,"shade olori","Shade loves soft life and makeup",female,,1a07ca73-d39b-43e9-a0f1-ef9f5e57d3a9,65b38a2c3e5f1876539c42cc4951dbe64a2443f3464a4012bd4fc0a6521e8304
108,quadri-the-teacher,"quadri the teacher","Quadri is a devoted teacher that teaches mathematics",male,,d96a93e7-17a4-4efe-b09b-02185cc81ce8,20bef9a609e5bf39d5a79ed438926d21de760abb5ae5fb757612d5555fcfe0ca
109,Ifeanyi-the-dj,"Ifeanyi the dj","Ifeanyi is a music dj that performs at events",male,,030f665d-2cd7-4376-aef5-4030dad9f2d6,735cce4e84653002f8e1e74738c479f3ab197ecca0a2047b62bb6cab9c53e345
110,fayo-the-yorubademon,"fayo the yorubademon","Fayo is a youruba demon that breaks hearts",male,,e270e278-a9b5-408d-b527-d518239a997b,42bbf954f58273ba8fe67a32fecc0eb00dd9904df668e0d18ecec02496d67bbe
111,nkechi-the-actress,"nkechi the actress","Nkechi is an internation actress that acts in hollywood",female,,34b1136d-00b1-4f29-8a03-5b02291d47d5,accd26e46afc0bb197e31297edeae929729d5d771ca7bfded362cda9ac75d745
112,hamzat-the-mallam,"hamzat the mallam","Hamsat is a mallam that changes money",male,,592eff9f-93b2-4452-a2ed-5d44ebc969db,cd974520dbcd6b7c2ae8f055072953c60d2b25e0196767235060f738d4cc5ae9
113,nnena-pretty-girl,"nnena pretty girl","Nnena is beautiful girl that loves to talk about her beauty",female,,d9477612-ad63-408e-8d12-24679c647b32,90bfb82b7fbaf38fbe804b38b3cc66c9638f66af6dfbdedce7b9f7d384e317ea
114,tunde-the-boss,"tunde the boss","Tunde is a boss that orders her helps around",male,,7635c4ee-04f6-4872-bfc9-37e5a73c8fc6,d24b37988ee6be5a6924feacad76a6cee98a52b979eb4783e11c45e5ac7e2df6
115,nnamdi-the-barber,"nnamdi the barber","Nnamdi is a baber that does celebrity haircuts",male,,152758f3-9414-45a2-a809-95cb05a3de13,4d2dc441153fe7a6fc4686e5b70ceb3ad28934301aeaaa5e2a57ee64bf68b325
116,amaka-the-hypepriestess,"amaka the hypepriestess","Amaka is a very hyper that she hypes in the clubs",female,,c7726e84-3c5c-4e66-8677-cbfb5c9ee850,c418168dced15840083bb2c97aff5f045e7056359e17e85c90a654c0f47eb896
117,kemi-foodie,"kemi foodie","Kemi loves food but cannot cook",female,,3116cb6f-14c4-4d5a-af57-54253b72a309,481ab891838e4fdcec06dad4e0bbb89c4693ec1f20f7f64e555171be4fd66f0d
118,ada-the-fashionister,"ada the fashionister","Ada loves fashion that she rarely repeats cloths",female,,a14df1c1-7a5a-4a33-8780-0fb01c593da6,6c5f05105a2618a1edff81a099ac013233157cbf14bf3003e0730938265adf2b
119,kayode-the-baller,"kayode the baller","Kayode loves life and lives it",male,,fe17bfdc-c251-4654-8313-1ab793e11748,a307bc15d96d3f80b332e921fefeed4ce8d121c4a357d32f4557141b524bb6d4
120,kola-of-lagos,"kola of lagos","Kola is the life of the party everywhere he is",male,,df295be1-1509-406e-a263-28a5dee0abca,4b90eaece56d23e2509130bfa09e3d0506dd0b03459c39c5cdd9a374c1de5848
,,,,,,
"TEAM BRAINBOX",,,,,,
121,azikiwe-popular-trader,"azikiwe popular trader","Azikiwe is a popular trader",Male,"Gold teeth, isiagu attire",7ebde325-8efc-4997-811a-b5686269929e,c79ac5eef2f6870a4a8b8cdeffb6d16e2295d237d18796cd2096c751c0521cc7
122,obasanjo-funny-guy,"obasanjo funny guy","Obasanjo is so hilarious ",Male,"Ankara attire",c136a120-a339-4080-96ca-1c93845c5848,623ce81986105247fbc1ce5b32e4a6e2f15cdc7341ee51e9a71bce6b8bc0e610
123,yakubu-village-chief,"yakubu village chief","Yakubu is the village chieftain",Male,"Gap tooth ",5b0c0d26-d204-4264-b579-081ff9df935b,ea1c69bfc2daa615e7202de9a2ecd769777d4efcbb29b615c532cbcca7f7ef49
124,abacha-loves-smoking,"abacha loves smoking","Abacha loves taking pipe",Male,"Pleading eyes and a pipe ",8ac6d95f-0cf3-4f54-9cf2-be8834b3004c,b763700ed05d18ea09cbdb1d79fe1f8c1fd9b55cce2c72c55c6bd525576e04a0
125,johnathan-good-leader,"johnathan good leader","A very progressive young man with positivity ",Male,"Agbada attire",241e3713-4ce3-48d0-827f-b282ae2db6c4,57606a699a3b97e2ccc3adcd52f93deb1672a4eaed532fa0e83636425b484c1c
126,johnathan-genz-kid,"johnathan genz kid","A child of the moment , all fun and cruise ",Male,"Hair; high ponk",90c0ae09-a35f-42ad-b93c-dcf30169acd9,c0595d5915f455b6b4350246442389de19dd8d33746fb8e4977f7741bc5a82b4
127,eddy-the-community,"eddy the community","Man of the people ",Male,"Two teeth and kaftan attire ",5cabf9d9-882b-459e-9253-8c07eb045e2d,a2cc10247052fed520e020e0c8b35683f227d7b9057b0eac1a5ff530728fe6a2
128,olu-the-oba,"olu the oba","The oba of Ofuk kingdom ",Male,"Pleading face",04c4b28a-aca0-44b1-a064-ed0d9d2a31ca,1eb778bd4653838d157ba8b314d21c189df9bd51b79aa48e7538514076a92bee
129,edu-the-biggest-trader,"edu the biggest trader","The biggest merchant in west coast ",Male,"Blue eyes",48d1de5f-5f3f-46aa-b2fd-68420a8e802b,d4388aa4f29b07f7b0367ca7e400001af70cff470d7ff243c57ed092b651888e
130,james-importer-and-exporter,"james importer and exporter","Sole importer and exporter of spare parts in Africa ",Male,"Blue eyes",22541251-022f-480c-8c1e-cf754dce16d6,53c1b4354fc85d80015890fdbe7d7169e2c9c65c910d4ed57b362e6a96b66252
131,lanre-the-dreaded-guy,"lanre the dreaded guy","The wayward tout",Male,"Bandana head scarf",66a054cd-5541-4000-98aa-8f2e9892d880,556b28e6aae46d7cdf4aac7edb5a7527014a85bdee10a797c35bea13c11bb8b2
132,olamide-the-street-boy,"olamide the street boy","Friendly street gang",Male,"Gold teeth",d50a35b1-b42e-4e0c-8dd8-9b892b56d371,cedb0bf7103bfaef64a87e5fa373146b8481651f018afd96af8a1a9c5d091557
133,uche-peace-loving-man,"uche peace loving man","A man of peace and discipline ",Male,Beard,6c9d6eae-2ea2-468c-a2c8-928aaafc084b,2b509ee8f5be318092e0f0117657ce15c7f37b09d4457b2fc1c17be3b153fa7a
134,dave-the-tech-bro,"dave the tech bro","Dave the web3 geng",Male,Beard,c0857b11-bf0e-46a4-9108-b8eb93d83e74,cd3edc5e9036225a9e897375ede536013b77e007feb603b77edf71b42fc5e455
135,obi-the-biggest-humanitarian,"obi the biggest humanitarian","The biggest helper during the pandemic ",Male,"Gold teeth",201a408c-7a2e-42d9-a62c-0136c885c211,167ef521c0619b2b30d48e23564b61b1d1d899b8986cb8b0538eb8a95eebeabb
136,precious-the-emotional-girl,"precious the emotional girl","Soft hearted and sensitive precious ",Female,"Brown hair colour ",b6a41ff1-51ce-42f7-9933-85d0a22ced68,950d8d17b3a9ed58ae0aefeed06f76439579de297eff84679680f00fbd923cd6
137,ella-serious-minded,"ella serious minded","Ella a dedicated young lady ",Female,"Purple hair colour ",04036447-f43e-4bfb-9503-f55c9064b14e,816456504c7749883e435d36fbbb184652272925d37ff59b4d0b77504fcf7240
138,cynthia-cute-eyes,"cynthia cute eyes","Cynthia with a priceless cute eyes",Female,"Long hair ",5d12847b-6d71-4691-8337-2e6ef3e283b2,a464f3e04fcf0e9d87e17c4d1cc6a17142e30fda409ac13e1fa4c97184cecb07
139,mary-with-hair,"mary with hair","Mary with her beautiful Afro ",Female,"Brown hair",98035e8b-6540-4464-8a3c-fdac9f07b168,b3622c801c293b03ca071dbfa629c54785bd05ebb5324d7281b984430f92070c
140,ada-chewing-bubble-gum,"ada chewing bubble gum","Ada always chewing gum",Female,"Black hair ",15309dc5-e483-4658-b503-db85ba2c1722,6be32c9b5cfd3f095baac012b0219d0f0a049c2d57aa9e1828141c77a0ce0b37
,,,,,,
"TEAM PLUG",,,,,,
141,viganem-the-drummer-girl,"viganem the drummer girl","she loves jumping a fence to play drums after school",female,,5a5a6f5c-39f3-4beb-ab74-60d3c7a90fd4,cbf2f2b9575491fefc4c7031bb1e4057adcd1fab35565bd5a8529414d736e6c4
142,"lenusuka-the- big-woman","lenusuka the big woman","The lady that loves spending money and buying everybody asaobi",female,,e564a43a-ef77-487d-a88e-749d20a09fd8,7bb150dc8f85b13bea4ade7bd99d19ccf07e1802c7e13575bbfdbd771066c622
143,enepua-the-clout-queen,"enepua the clout queen","The lady that travels all day and enjoys snapping food at restaurants",female,,6dc7e452-0626-4f4c-a28c-f5db3532e305,f273acda114912b9f34d07222f605b576d995c698ba04a33de298c1dcdc83d64
144,usifong-queen-of-mushin,"usifong queen of mushin","Changes her hair every 2 weeks and cannot finish one pure water",female,,221263d0-8775-49f8-bbf8-4b08b49e1482,2961ae6825f9091e118eacb10768a400e129a095ebd56646c6492cd6b975cfd4
145,akinyim-the-agbaya,"akinyim the agbaya","Always playing with small childrens and mostly small girls",male,,c1070dce-48a1-4ae8-b9a4-d070859a8377,58c9acb8bb5c55320bc59e4d99aef8c0e6610defe2554855806c75060d9a5433
146,zawadi-mr-sleep-everywhere,"zawadi mr sleep everywhere","Likes sleeping in the weirdest places especially in clubs",male,,c22489fe-574b-47f3-9667-c9c798b2d4df,c253b7ccc6f6a600b415f836a6b2bb68b24515d2053af6835456bf408e999d64
147,chepkirui-mr-self-love,"chepkirui mr self love","Likes taking care of himself and spending on himself",male,,1a91e778-d214-476b-a667-94e9ecb8b5ce,495e50125109377cef8a06c73b7fba27668a6e85640a455426b90c55813df99c
148,naserian-mr-fear-fear,"naserian mr fear fear","Has never slept with anyone and can not kill cockroach",male,,8177cf38-8284-4eb4-b19c-04473bcb3b5e,e24a932b8465f38f77af9200d406d8d145190820c8278cc85abe726bb25fb71d
149,wawuda-the-ashawo-of-africa,"wawuda the ashawo of africa","Brags about his body count and follows skirt anywhere",male,,0554bf35-f588-4009-aafc-ef875b878c29,2d260b22aca2924e18c54b7367d7dc00d2968ce36859766aa0a17d0d3a4d0b76
150,kerubo-the-igbo-smoker,"kerubo the igbo smoker","Loves only his igbo and is happy when he finds an old blunt",male,,33ba8e73-7949-4bc7-ba27-37ee1d573946,75f44aa3d08e0b8d9420491748b1060794acd4e86f5d3caba0e2966b340fa361
151,"rehema-the- olodo","rehema the olodo","Failed primary 5 eight times and like playing football after school",male,,1fb33783-4898-48cf-8a73-f81afc71e1a8,682c8594aef9cc7f85d221f04a147e18316d28611f6afd3d9a1572c6635ba47c
152,nekesa-the-brainbox,"nekesa the brainbox","A proposed elite who cannot write a simple speech",,,7ba909bd-19a1-454d-a86c-a45e85cb94a6,355ecdbc1a6ba5d36a69a4b84de3c5d93a0a57f65e5699b523d7ea2b90cd3bba
153,kiokoli-the-slowrunner,"kiokoli the slowrunner","Always running in every race but never making it to the first 5",,,d7027b6c-ae53-4cce-b80d-67aeb7ceb1ba,636d82a050ea1e81a6355c8783e01a064d2a90e0328a987385c1b4ad283ba32f
154,adjuani-uncle-wire-wire,"adjuani uncle wire wire","Mugu money spender that loves spending on women extravagantly",,,36cd959f-d280-41f6-af76-765715c72527,964c8e2605a291639b863908f19b0738e95ec9fd65ca61eb8d961048fa284507
155,ajobaru-a-serial-killer,"ajobaru a serial killer","High end assasin who cannot survive a day without sex",,,9d262f55-73d7-4b95-9a82-42356dbb085c,94ff74815bf2d9061f14f79b6b4270887c6390990db9a5826aa758dd519b243f
156,effiadem-the-fireman,"effiadem the fireman","A retired military general who always loves shooting at sight",,,a4534fe0-b5ed-41ab-af72-1f2d0ff0fc64,168d84d6e1ebd13943fedf086d8aec5bf88cb65bee00366411233ff0aec4daaa
157,deladem-the-commandoo,"deladem the commandoo","The nerd who has watched all war movies but cannot fight a kid",,,88106b92-da30-46ad-a3cc-d528683b9e33,a9c547cc8a97527a7fe5747d193475672dfd8b5f15a035a0e781faf2421d39e3
158,dogbeda-the-monger,"dogbeda the monger","A fisherman who pracitically live in the river",,,66a09968-cb92-4378-a588-49947f68c537,c609979330907fb4255eb5555aea05a3913e4fbecd6bd3d13e8ac763b944421e
159,enyonyam-our-slay-mama,"enyonyam our slay mama","Posts new pictures everyday and can snub for africa",,,5e7c7f9d-d631-4759-9b27-cbaccd33d39f,ef9eb3b07a51e799320fd868b7e4e43e49c0bd176830d057fd601a68c3183360
160,lumusi-pro-technician,"lumusi pro technician","The electrician well known for wiring burnt buildings",,,b07676a6-c611-410d-8426-46c9c525189a,11432e58a38c2d48f9c4e02d3eadcf1be6be59a7736ec094b2e4852bae0ef2aa
,,,,,,
"TEAM HEADLIGHT",,,,,,
161,funmi-the-fashionist,"funmi the fashionist","funmi enjoys fashion and she always takes opportunity to showcase her wardrobe",Female,,4f9d99a4-78a2-4fdd-bc30-b027600fa88e,627a845b0b17e03887cb0f254a58f4383bcd6e6e177a55a1d24af0bf7a7d3a97
162,bola-the-funky,"bola the funky","Bola is a funky fellow but she has another personality no one knows",Female,,ac721b71-cbc5-425c-851f-ee826973f0b9,23f386d8a4948b4ccb61b8d64bc7a9c7c9872b8c9f199d4a7c6f413d4555cf43
163,bimpe-the-runzgirl,"bimpe the runzgirl","be careful with bimpe, she can run you strong thing",Female,,eaa7662f-6926-468a-9add-e791916ae42b,49519097c08dd3476518565548fce8a236fa3f2342362599533ae246ac4c977e
164,sola-the-queen,"sola the queen","sola is a princess. she's got the mind of a queen",Female,,d5f23ad3-832a-4d3e-814e-e23f466d18a4,7b671cc42496d7c6f01fa1049ec93ee48daac0579dbf82d64aa2652824a32bc0
165,temi-afro-girl,"temi afro girl","temi is know for her funny haircut. this time, afro is up",Female,,4f9d99a4-78a2-4fdd-bc30-b027600fa88e,3eae974a7e1838b59d0b8427895b6745ef97da3b4e229c6d37755c48a2dbf608
166,jonny-the-bravo,"jonny the bravo","jonny is our local police. he breaks boys free",Male,,2b345988-b4b0-453b-ad39-efe1321bc8f1,caf4ed9fb441205ada2d3820491b4c772d900f52860cf3b06249af6f0dc35ec9
167,tunde-the-bigman,"tunde the bigman","tunde is the big man on the street. flamboyant life style is his identity",Male,,56db423e-8b09-453e-b5fc-61f4da9d7a6f,388e1c21065d8dc852fad81a820e33c4864443f0ae6efc91f0580a449fdd300d
168,joe-the-plain,"joe the plain","plain and simple. no one in town is more gentle that broda joe",Male,,7a3083bd-5aa2-48b5-a30b-4445cc060f57,a2460343b5aefa0ffb33e24a11e54371496d9c9d0bd86cda17d473029aebaf81
169,wale-sharp-guy,"wale sharp guy","wale no de carry last. the thinks and act fast",Male,,44906ea0-901b-4b3d-802f-f73acc8758f6,8bc3fdd3fd19541cec2b40a8eff6718a7fea0724f6555e1bf20764226e3f7bce
170,dele-the-snoozer,"dele the snoozer","if sleeping were to be a job. dele will be the world busiest man. set a bed in a fury furnace for dele, he'll sleep.",Male,,4f9d99a4-78a2-4fdd-bc30-b027600fa88e,dd18259c25dd788799debe3644c3cc03758ef17061c643a4f4e47e7060962a57
171,"father -of -tolu","father of tolu","baba tolu is a proud father. he will sell his soul just to see tolu excel in life",Male,,a2651258-ca3f-4940-b095-3a61ff630263,382e633f5ffde6d3c50d68d83e19c4e824bbe4c491d5e2937c19982507b2c255
172,emeka-the-chief,"emeka the chief","chief emeka is the pillar of the community. just and fair to all. the real mazi",Male,,de25fd63-dafd-4f77-8072-7ac0ae3a3ab2,943188b37187db2bf2a2c1e6f1b3e7b7fe5090caf3a2cdf16a6de9373b125e5c
173,lawal-the-drooler,"lawal the drooler","lawal has only 2 business, alcoholism and alcoholism. it's only normal for him to drool afterll",Male,,806b640f-1c8b-4cc0-aa10-45f3ddc00140,c2cee21031cd69f80d52c2a08ea8b12b361b7d3a0fd4c097e910fb7c7cdc9d3b
174,solo-the-messenger,"solo the messenger","solo is a multitasker. you need anything done in your home, solo is your guy",Male,,44906ea0-901b-4b3d-802f-f73acc8758f6,5bbd0ee102d33d3d08f4ded97706dffb6fbda8ba76333df3da7865f33279c720
175,femi-the-honorable,"femi the honorable","honorable femi is the modern day politician. everything he does is only to further his political career",Male,,af53bf52-b517-4347-adc6-07cf30c19025,28914a397a0e0bf3f1c975461b51e3d4136a6a074998074835e265fe11e82a0c
176,friday-the-bigsboy,"friday the bigsboy","friday always live up to his name. every friday is for the party.",Male,,05ec3aae-7da8-4125-93fb-6fc544e5bc61,eb42830ba7d1ef63ce3ce342be2f4eedc4970559373787d04590d7f84e8a018c
177,kweku-the-planter,"kweku the planter","kweku says he did it. kweku dey plant Igbo until he was bursted",Male,,af53bf52-b517-4347-adc6-07cf30c19025,1564b9f4e2b2b7a4e952aef9b0c60778278ed6e437718c36513d980aed4b23b5
178,2pac-the-remix,"2pac the remix","2pac is alive in him. his style is exactly the same. upcoming artist",Male,,9993e5ec-2f31-485c-9c6d-f780c078ae56,ae14af994326fe75a8a7e32b2b32cd74a505768dac1927ff38ee2829336e6d31
179,tope-the-influencer,"tope the influencer","tope is a famous influencer. loved by his followers which keep growing everyday",Female,,3b3e1f66-922b-4f87-8cdb-0d09fc143182,642fefaa0c8f8cfcd9b6b339f74040258701b72e41f78315c7feccfca4aa24cd
180,gabby-the-evangelist,"gabby the evangelist","evangelist Gabby, blending gospel with comedy. he's going places",Male,,ac721b71-cbc5-425c-851f-ee826973f0b9,797018a65d1ee9a9d8f9fed40a76106754ad09be73acc79a2d21a1ce1e32f2d6
,,,,,,
"TEAM CRANKSHAFT",,,,,,
181,beauty-of-town,"beauty of town","She is the most beautiful in the neighbourhood",Female,,7241a1be-59da-11ed-9b6a-0242ac120002,ea84750ce8686868fa402ca1d6dc3130a04233b4a0c1431608da1e27e6485dcc
182,lola-babe,"lola babe","Looking hot as always",Female,,7241a664-59da-11ed-9b6a-0242ac120002,dfacd133a1e89388fdf6bab3483b845c3cb77d73c6b32057112f85dcfce74cbc
183,cardy_h-sharp-babe,"cardy h sharp babe","Cardy is the sharpest amongst her friends",Female,,7241a7c2-59da-11ed-9b6a-0242ac120002,710f1f9c22456ab16660199c992efa563cfc2f6708ee330c01c90ba3a36f90d8
184,bella-the-baller,"bella the baller","Baller for Life",Female,,7241ad26-59da-11ed-9b6a-0242ac120002,096e8b340a6de8058f4fa0ca9966f8b95223c537c87f2cad4cab99ccf3eed89c
185,milly-of-roses,"milly of roses","Her lips so red like a rose",Female,,7241af92-59da-11ed-9b6a-0242ac120002,17c1b665745e3bbc0a5b9fc8c7f0b6ee12517d71a4c79a3e8ed219f8744dd18d
186,Preciousjada-the-viper,"Preciousjada the viper","Her words stings likes a viper",Female,,7241b12c-59da-11ed-9b6a-0242ac120002,b270640f38725e5746c901dac6569323eafa09a249ef22796a7f7c82cdfef829
187,lolly-of-NY,"lolly of NY","Most popular in NY",Female,,7241b2ee-59da-11ed-9b6a-0242ac120002,b916f0b672ff0d428a044d55959bdbc6d2ad4fe0aa6e3e8a100986f98bba17c7
188,Disy-the-dancer,"Disy the dancer","Dances her way into any show",Female,,7241b4c4-59da-11ed-9b6a-0242ac120002,739eb4d08ff2950933c95dfcedf9396ef245f778b91c4d37ef893610bb94fe32
189,Jenny-the-great,"Jenny the great","The greatest of our time",Female,,7241b852-59da-11ed-9b6a-0242ac120002,ba3eead5a33911d8df32b2e8d8cb8a0b378e9cf473258cc159aae359bcf5b581
190,lolly-the-pop,"lolly the pop","Seeing lolly makes me pop",Female,,7241ba00-59da-11ed-9b6a-0242ac120002,de939c79e2a58850e8e623a2ed2c3dcdb2e46edca567b08cb30d8679cf7a211b
191,disy-the-queen,"disy the queen","The queen in her own space",Female,,7241bda2-59da-11ed-9b6a-0242ac120002,d8e0adc67bcb7a7430bd3f2bf0ccdb42f76b7e4217f66e14b25ede10f213ea6a
192,JennyP-of-Lagos,"JennyP of Lagos","A well known celebrity in Lagos",Female,,7241bf1e-59da-11ed-9b6a-0242ac120002,7f270bcc3014e883aaed1a9c0e2bb26ed6cf0b443bc883cc2fbd31cd47dcadfc
193,Jada-of-life,"Jada of life","Her business signature",Female,,7241c202-59da-11ed-9b6a-0242ac120002,430789768dd33c329aa76c0ddbc1091f8cef8b1b9aead2e2e538051c985ea9d2
194,Sandy-the-rapper,"Sandy the rapper","She just loves to rap",Female,,7241c342-59da-11ed-9b6a-0242ac120002,06502b634c054fb50a7205b8b2bf53b26fc925dc0e0ca7b46ba7b6bdc7d1257e
195,Dahila-the-genius,"Dahila the genius","The genius in the family",Female,,7241c4fa-59da-11ed-9b6a-0242ac120002,b18b4c84d124933cce6ac705f7ccd364cb68dbc97fc31187988083e8112e6fd5
196,Rosemary-of-Yaba,"Rosemary of Yaba","She has a cloth store in Yaba",Female,,7241c61c-59da-11ed-9b6a-0242ac120002,016c181996550636069ae3cdd1b803711a5a6901464e59263ad44e2942791c26
197,"Jennifer-of -island","Jennifer of island","She goes on vacation to the island",Female,,7241ca18-59da-11ed-9b6a-0242ac120002,af9c6e5134cd94abe7d6d7e706da1016bb156015a4c56c83b643f4d890bf7324
198,Opeyemi-of-lekki,"Opeyemi of lekki","Opeyemi lives in lekki",Female,,7241c8e2-59da-11ed-9b6a-0242ac120002,2191764385fcf7d44cf14e2d5490e76453e8682b7611a0cca54684f90bf0f0f0
199,Vicky-the-artist,"Vicky the artist","Brings life into what she draws",Female,,7241cb3a-59da-11ed-9b6a-0242ac120002,0c4dc3aff3ec3436d9e16d9301906439eec90c05029764084e258640404e603e
200,Afrogirl-sailor,"Afrogirl sailor","She loves to sail the ocean",Female,,7241cc66-59da-11ed-9b6a-0242ac120002,dfc4826f9d8554850c7f820239ef2400ac3148571788b634cd2a09fd8a300cc3
,,,,,,
"TEAM GEAR",,,,,,
201,,,,,,,4255faab384e1cfcfa9f719cfe18e72f0b67a38de42633eaec2055d264dda629
202,,,,,,,75598f0db10c98d938e21c5ab31ede34cb704bf2039139aeb422cda775d82af2
203,,,,,,,8c11afe034a00629f454537082d8c4fb9b8583c5869313eedd95578f4c340b07
204,,,,,,,2a8d98103d581edd6d02da507dea3ad5d89332f0a0bc003737cf514d3ecd05ba
205,,,,,,,5d078d8a436221b83454467bc9fdd89b58e8a153d1fb4dc2f5bf436e32850678
206,,,,,,,aecb6aea810b03c8e3e458d412190288f8079ad87fd9d7cae1bbbff58bb024e3
207,,,,,,,c243c92ccb0d07d343975bdbae4a82ddb0fecec7488884b01292421659b72604
208,,,,,,,9c40099aec8ca84fd6f54c89bb9d4e4f24a4b0d289bf1f08aa14b74fa253f451
209,,,,,,,80c924d408f78f57ce0632eab51236a8bf1ea232e909e227cfcf083826643376
210,,,,,,,ede1fd54b2721a98777442e16271af088c246bbfdb4b61e5afcfcb728676cee3
211,,,,,,,c29ed9f45bf328fcd10c2d29e171b1bd71dad0e7f52352e6a4aca46677b3f522
212,,,,,,,00bde96d53631fd25d5853d35e8afe4243ac200577690452b5ac8a6a07720bfb
213,,,,,,,016b244096ab0f6e8d3866f603f81c4391f3fd7ed6bf9b2ba033966e28a18b2c
214,,,,,,,97e52e691c39ba8a68b2377c806b3485f676bd07d2a55e6d7b89f231f6e6d1d1
215,,,,,,,6be2f1e2b94b71ac6451fd544cdf406df6d5680152facca48d7a12d5906976e9
216,,,,,,,277c03237194d253b97ceafe35f8c3b36854dd7520337f8b6c9b07fd6454a71e
217,,,,,,,16238e5493dec13cc877aa149559470c3ff211539d4ddff7db66b8ea3546d58e
218,,,,,,,b276043f3029025f212868d472a850980f940845aaf7ab913a7cf27cd044873b
219,,,,,,,efb793eae5da7a4065777b09060adc7dec4fec3cbe4f448825ddc0348aa026c0
220,,,,,,,65d3e35e7e82d64b1adbd6744a9a05c9f40907736483a5829be6c1799d20b7f0
,,,,,,
"TEAM TAPE",,,,,,
221,hng-newbie,"hng newbie","A confused hng participant that cannot understand her project",Female,,0ddbd22c-b3bb-4c72-9f51-0361480bbfa7,cedc8d3cc0f2edef62363e8a13298d4e743547e85335dec1db4cbb849b19bfd5
222,nene-caroline,"nene caroline","A housewife that loves taking care of her family",Female,,4ce5bcf3-d4ed-4277-8187-cb1797c1ac7e,8ee1f4ba323fb941c59ee4960c5ab1599a9c1aed2c5014220a2c5d7c795ada67
223,wazo-partystopper,"wazo partystopper","A Nigerian aunty that loves to attend owambe parties",Female,,77237cce-bae0-4d60-adad-27055f0eed39,f348139edb81f2cd08beef7a9eaf7e095d7a78fa6321e2faa4f0650ee6aab44f
224,melanin-janet,"melanin janet","A young lady with a soft personality",Female,,a5a2854e-a850-4b15-b3c3-176a79b2d34b,0eadd9cfa33431af8f4f3e8cbd9446f217addb300d3326fd2b62273b68d4785e
225,leo-sugarmummy,"leo sugarmummy","A middle age wild yankee returnee",Female,,7ec03993-f500-4a41-aa3c-a73df7a0fbed,6ed2297b67c302dc25dd76e628f09a930d97aa2085c4fc040056184dc633c4c6
226,novice-joane,"novice joane","A princess worried about finding true love",Female,,a5d49163-41b1-43fe-ad7f-0c78ef530b1a,d85a94be459bf6b866b48566bc102856acc685a7e3478527ed1c1c83eedab540
227,goofy-simbi,"goofy simbi","An eccentric teenager that loves music",Female,,df7dc588-f99c-4592-84f6-08b40047d9d1,75c29dfaeeca62b16a459deb62b4bfc5d564568b216478d9052fd97ddddb9c5d
228,akwaaba-ghana,"akwaaba ghana","A depressed gothic introvert",Female,,d1e8b38b-994b-487c-890b-9034d3ab7dcb,061fa827203a33f44e6fb7aff6b669788677f12cc17d3e28c3c6fc3ca3b91f47
229,aunty-toyin,"aunty toyin","An oversabi family member",Female,,1326ef4b-224a-497e-9452-e63a4486e387,5134367fa0b5e17711e6c3821106e292ab7b7f7d167002eea11585af05c5827c
230,pretty-hauwa,"pretty hauwa","A young bride involved in an early marriage",Female,,7c771f82-a512-403c-91b9-6736318a8796,50022e84f401ac769946c4b5d3b4dd5a8bc1c373b5f24d6b8ac9303948e4eea3
231,chimamanda-enugu,"chimamanda enugu","a young lady born during the war",Female,,eaad5c98-3f85-4480-9c4e-b73340cfba4f,18d7605bf69a82abb1fe1b1ea4bd8df3e3260156ecd659616e468153ad344231
232,kente-solape,"kente solape","a respectful and diligent princess",Female,,613ce65c-4b16-43f8-a0d9-b5ea8c5f2195,629bcaab6914c3244fd895664f8460c4b8b90bed363cdf3d5c0106b28a955059
233,vamp-karishika,"vamp karishika","Queen of the darkness",Female,,c4ee8a54-0874-4a7f-8344-dea8ba41f5dc,9b997e96cc41e942f7bc3fd0acaec59f0bcb9ee047a933b2bc8cc0379da3f761
234,genz-monique,"genz monique","A sassy lady with her own vibe",Female,,b5328f13-b918-4e76-8d4c-8b4aec5eb5fe,a7b256b410eb2f3b5f08f57ce92d9fb37e3e079bf56ca983e01f5464d05b4e05
235,femi-boltz,"femi boltz","A driver hustling his way through life",Male,,03e8d36d-5bdc-4da4-8f64-c1738eb9d1db,f325df8c3158b28dce34a77b3036166c2fb9ed8640ecf6a1e041c02cfbb33823
236,agba-tech,"agba tech","A tech bro that loves to party but has bad communication skill",Male,,403f28a0-6aa7-4f80-997f-b0982c169baa,d7c37e0e95390eed185a868d82bb21bc73d3f8cfbdc2ef52c6a899f8dead344d
237,brian-richkid,"brian richkid","A trust fund baby that does not know how to manage money",Male,,9d945d79-dd2d-4755-b9c7-bff837be8557,ae3ad17cff532f02e17f5a3cdff54115701f6519a8cbbe2021a338bd1bf8daf2
238,nandi-zulu,"nandi zulu","A fierce African Queen",Female,,09702bc0-d10c-48d3-a1e9-2aaa4e9f3f39,c9aafb91df9bd770328c676f8b749a4f73dc337d14bb10732fd32af312d2cd87
239,ade-demon,"ade demon","A lekki playboy that makes money from crypto",Male,,0be2d50b-3e57-4e39-a199-b211d2be860c,184e6979c345037439d6177ad688c793c74467e9776679acac4bb49a22d0f02c
240,karim-rapper,"karim rapper","A young and proud Lagos rapper",Male,,169b58f8-b84a-4ab3-a4b6-d1c5b36aa1d3,817ec7944f4f94b2b6c3ea2d74e377bb1b185597ce423c468027ab47408928dd
,,,,,,
"TEAM AXLE",,,,,,
241,bobo-alinco,"bobo alinco","Alinco always in the mood for play",male,"hair colour: dark brown",ede853c4-5abd-11ed-9b6a-0242ac120002,a82922bbfb3538700b8a45ee8e428c38b6a093c0e0837b83ed324986ca56a45b
242,chi-lastborn,"chi lastborn","Baby of the house, the lastborn of an average Nigerian family",female,,ede85964-5abd-11ed-9b6a-0242ac120002,32b92d78326c13f9c007c10b226790729fca2ad5fc170b95ded54b182f5c8e32
243,uju-robo-robo,"uju robo robo","An aso-oke business woman at balogun market",female,"accessories: ankara beret,",ede85f90-5abd-11ed-9b6a-0242ac120002,e688584f23d31fe555d59f3311fdbbda465c8e4267bdf637ed1e776a2acc82ce
244,yetunde-anifowose,"yetunde anifowose","Old money lady who was in UK before UK was UK",female,"accessories: tobaco pipe,",ede861b6-5abd-11ed-9b6a-0242ac120002,d3dabe8328ade918e95c919110503ddc8257fe86c131a023c3876598618949ab
245,dumebi-jjc,"dumebi jjc","Innocent 100 level girl wey never spoil",female,,ede865da-5abd-11ed-9b6a-0242ac120002,6a6407b61d3bda2543cf7c03c9b20ba0fc5ecbcdc2192c2c25959832d87121f3
246,ukwu-nengi,"ukwu nengi","Well endowed woman who will always make heads turn",female,,ede86800-5abd-11ed-9b6a-0242ac120002,0004674154969b333c52ff683b04abbef170cf466d8655f625b23aa907338bff
247,nonso-malay,"nonso malay","Man on the move. It is either ego, or money my bloder",male,,ede86a12-5abd-11ed-9b6a-0242ac120002,0b41a7676285bf44bbca8a3e6e916a1ef00c04d887d32461f19a3ad0fc653d3b
248,saro-texaco,"saro texaco","An oil tycoon who dominates",male,"accessories: cap",ede86c2e-5abd-11ed-9b6a-0242ac120002,3af938355b883dd749e355a3d6e63868ee49199789cc0913c52d9a616492946f
249,akpos-agbero,"akpos agbero","A Warri boy always in the mood for violence",male,"accessories: cap",ede86e22-5abd-11ed-9b6a-0242ac120002,ce90641a712015d579b48d81c5077ec7784aea77adf6710cc663a23c77b85d36
250,kasali-danfo,"kasali danfo","A danfo driver popular for his positive outlook of life",male,"accessories: cap",ede86fbc-5abd-11ed-9b6a-0242ac120002,aa010742a82f357c1815c9bed5298d850d8d6715611666df39b59422ae01c599
251,osaz-benz,"osaz benz","an Internet fraudster who hails from Edo state",male,"teeth: gold",ede87fca-5abd-11ed-9b6a-0242ac120002,0d7113555ba4bf3d47aa873739d79e02a85979df56e6cd616634d7186e659ac1
252,kareem-kasanova,"kareem kasanova","Abuja big boy who knows he can get any lady he wants",male,"accessories : cap",ede8820e-5abd-11ed-9b6a-0242ac120002,3b8dc1b4a8f34a3539c6a7cfe29eb5b254c5d5ecbf13c1c1fe4a00f9c1d5de9d
253,mayor-of-uyo,"mayor of uyo","Essien is a top Lagos businessman who hails from Uyo",male,"accessories: cap",ede883c6-5abd-11ed-9b6a-0242ac120002,eeef797d6b6d4bc629c40a546d14561f1041cfdf12a671b00e82b932b2970f5e
254,chinedu-china,"chinedu china","An Nnewi blooded spareparts importer and exporter with goods from china",male,"accessories: cap",ede885f6-5abd-11ed-9b6a-0242ac120002,5c6356fd654ac625bd01a21b6576db9eaec2622ca7817545bab58b72ad691c82
255,papa-ekene,"papa ekene","The oldest man of the Akwauzu clan",male,"accessories: cap",ede88808-5abd-11ed-9b6a-0242ac120002,7b341a4aaf5ac56564d8bffef0f1f1dff67a0d59732e5cb13a030da6decc8f3e
256,ogbeni-rauf,"ogbeni rauf","Minister of enjoyment for Freedom state",male,"teeth: gold, accessories: cap",ede889fc-5abd-11ed-9b6a-0242ac120002,0bb759e565617915b99515674ccf93303d22a709ac95cfd68054b4ba67fc6230
257,koffi-banku,"koffi banku","E be Charlie wey no dey use en stomach play",male,,ede88c2c-5abd-11ed-9b6a-0242ac120002,8027bc5e00d89542fddb49f3175595a37cb4e503b80da9d1ca88d5f1d38a9203
258,alhaji-bello,"alhaji bello","Rich hausa business mongul controlling half of cow production in Nigeria",male,"teeth: gold accessories: cap",ede88efc-5abd-11ed-9b6a-0242ac120002,825222f05b95910c4000a504b4684e9c1bb30665544338fc0daa0447a5332a65
259,toju-mafejopami,"toju mafejopami","Toju is a street hustler wey no like stress",male,"teeth: gold, accessories: cap",ede895d2-5abd-11ed-9b6a-0242ac120002,0abe70f085ecee0c49c6d332c28d0d529074a1c74edc9afec98a0dcb4b18027f
260,femi-maserati,"femi maserati","Rich kid who resides in lekki, known by everybody because he drives a Maserati",male,"accessories: cap",ede89802-5abd-11ed-9b6a-0242ac120002,bd0bc8ebd1215c25ec10ebed47be91fe6d7d3e3dd5f6f78da090686d305adcd7
,,,,,,
"TEAM POWERDRILL",,,,,,
261,Paul-the-comedian,"Paul the comedian","Paul trying hard to make everyone laugh so hard and fall off the chair",Male,"hair:bald, strengths: calculative, weakness: public speaking",f8112915-64ca-41e5-9ca4-5b60c47d7a01,07996e34352fb137ee28696502e9e5e0b2f20dba7c8cd8717dfb0f7190eb994e
262,Amina-lagos-housewife,"Amina lagos housewife","Amina is always showing the rich housewife vibes",Female,"Cap, Eye glasses, face mask, none",5612f542-d85e-4a2c-8661-20553dfd07bf,98f79013fc6526fb83dfd8c86c57d1395eb8450a33c9dc1df7a1eddf72d65357
263,Kiekie-the-asoebibella,"Kiekie the asoebibella","Kiekie is classfied as the life of the party",Female,,097014d5-0ef3-46f5-9a9b-5c01f70114b3,6384d8b5c3313ef8b7baac36d0d5c8899894a33b1a83b49708f3eb83e0f11c8d
264,Kunle-the-hunter,"Kunle the hunter","Kunle goes for the best and hits all his targets at bull's eye",Male,,b0310fc2-4bed-48e5-abfc-566c964786d7,a59b18f1e5bedd0ebd8179c32914257029a4f8453c363621afea0c5b7bff9d81
265,Amara-the-hairstylist,"Amara the hairstylist","Amara is truly your one stop shop for all your hair & beauty needs.",Female,,412345b9-7e04-4102-af7c-5458721ac64d,20ecc1e48a5cb8f41b192be7980c29e3606b2f9c06f1f2e7da9233a358edca07
266,Mary-nail-technician,"Mary nail technician","Mary makes magic with her press-on nails",Female,,17ea9c3b-c90f-4023-84d6-d563c098b030,ddbe081cf5bc1c168e491bccaf8933cd525ec21025590ef99602ce966c7acd90
267,Odogwu-oil-contractor,"Odogwu oil contractor","From Malaysia to Kaduna, Odogwu's oil is known.",Male,,b503bbfb-f972-4d4a-9352-e9dfe6671d36,a5b19e54b84351aa7b7362fc36dae999b72f6661a7d385e79622b0691b92a135
268,Simisola-the-kenteprincess,"Simisola the kenteprincess","Simisola rocks kente even in swim outfits",Female,,45843017-b421-4413-8e35-7a6ef073f2b9,8e60701eb09b55e47a287050463723e148552a17810f21800f5719cb96a947bd
269,Mariam-beauty-queen,"Mariam beauty queen","Beauty is a fairy tale where Mariam appears.",Female,,b7d96d97-84c2-485f-b60e-e4e86c4d3b34,ecffccc35af2fb5b72e3861003bf83fcba2595d9bfb6c89eff5ff07a389b72f2
270,Obinna-the-musician,"Obinna the musician","Obinna might never be an a-list artist",Male,,afdb0299-327c-46b2-9262-faf90f0fcd12,34f9da6e88f9cf01f54877add157de65a8b7a841d33e537e96384e406b42b3cf
271,Sandra-the-shybaby,"Sandra the shybaby","Sandra is too shy at parties",Female,,bfed40a8-74f7-4ada-ae18-975130247efa,bca46f70325337b1bf0779d33e1dbd06516853c12bce773908f2adfd97f67135
272,Chiamaka-the-dancer,"Chiamaka the dancer","Chiamaka dances so well and earned the Guinness world record.",Female,,43c49497-8d7b-42ef-bb29-769f6c3b0ada,82ed705fa7b28c528c2e6d5069fa758005022d0e943a52c5f6150b730a1f8a64
273,Mensah-fashion-icon,"Mensah fashion icon","Mensah outfits are always giving us Christopher Hemsworth vibes.",Male,,87ada09b-38ac-475c-8d46-18680c2dc795,8a71b783528d3ba465c677369b627bcaae83ad7afe78476444b5f968b1353a97
274,Lucy-the-fumigator,"Lucy the fumigator","Lucy is nicknamed the pest hilter",Female,,c7269d44-aab3-41e7-a54f-18a14f575a6b,70447e0d4d81edf4f27c6d38eaf4e6286b88eece5a2fed6e437c15c088689d11
275,Nneka-wedding-planner,"Nneka wedding planner","Nneka plans the best weddings with great details.",Female,,31ac6b7a-e378-4dc3-999d-b9e8d8473f99,6f4e33dd4985d6cc59e3507f9c9d424f32eab91ff7ab8914e88e4ef2fd669363
276,Shakira-the-gangster,"Shakira the gangster","Shakira is the most feared criminal.",Female,,dbdc1351-aa07-46e2-935f-2db071b1b23d,74bde96d27bb3887c6acfdb374c60e7e917367ee6342d82d73ae67a0bdca92a0
277,Lola-afropopping-princess,"Lola afropopping princess","Lola licks lollipops like an afropop queen",Female,,2f5cadae-e423-4478-8220-37b3ac144169,de588f8ff3faa10107e8b2d797234d091cf99229e5780919a227f561febb31fb
278,Sharon-walking-dead,"Sharon walking dead","When tired Sharon walks like the dead",Female,,1fc37341-7dd1-480c-a01b-a63bee0a2230,36c39a462034fc7d18574d2ab1cb8b5accf973e9a17d258153fa05cacd631719
279,Olivia-great-teacher,"Olivia great teacher","Students enjoys Olivia's classes",Female,,cfc4419e-bd46-40f6-9654-632ac1138ff1,9ecb66384596c9bb65d036351075c7eb4975574b418c015b3ddb95fc5f6a594f
280,Nicole-sleep-warrior,"Nicole sleep warrior","Nicole holds the sleep award in our community, she wouldn't wake up at the sound of a detonated nuclear bomb.",Female,,710ae821-4603-4124-bd60-a33b515b3b8d,50a55d125f8da8323ef626ec3d3979d47452c7e22807bb15100475e6344ce48f
,,,,,,
"TEAM HYDRAULICS",,,,,,
281,Busola-the-shakara,"Busola the shakara","She is a fashion icon that loves luxurious items.",Female,,ec4a855a-5ceb-4f1b-bbd7-a995aa45e875,efbd9b9a9ed356d7a41b90aa2b812f076225c8d11290135f4019d93a3bb42619
282,Bella-the-artist,"Bella the artist","A lady that host a fashion week show",Female,,48772412-dacb-4984-9e82-8d24fe101265,c0294a7d4a2851fbb847d1293f71fb064ff9da4694a56e81fdae313bc550a6e9
283,Queen-the-extrovert,"Queen the extrovert","A woman who enjoys being high all the time",Female,,1712532a-20d9-4ccb-8582-bffd76c9fb67,ef348ff32c216a31bce9bf94a475b8e819859ed5fdebef2f2236056dc9678c7d
284,Mary-toxic-lady,"Mary toxic lady","A lady who's toxic around people",Female,,bc31af8d-c45d-4797-adfc-596fb22e4e3a,29f976ec1f209cc15398feb9081122730425207de38a5549fd51e3c4d41d8da8
285,Elizabeth-the-richkid,"Elizabeth the richkid","A university undergraduate from a rich background",Male,,21fad782-1b6f-4c2d-b157-9fdb9355c876,9dee97a666d89997c01772c3a52d28aeaa8c650538f5dd71d2d37507dbedac00
286,Larry-the-westerner,"Larry the westerner","A Yoruba Man who smokes his pipe in peace",Male,,d4984fa6-dabf-409f-839f-76742ec71500,6f537a51e9d3277a827b34b8784542c702d0b1d8ab421a7dc250b5e401f0d972
287,Danjuma-the-shocked,"Danjuma the shocked","A pensioneer who got told his bank is on distress",Male,,0187ca7f-f3b1-42ae-9e17-c46d58617608,f9ab9e8baa503ca6c253381b93f7c6c5f8857d362acd7fa4762204a0d57e7198
288,Yomi-the-fashionista,"Yomi the fashionista","Winner of the Lagos GT Bank fashion week.",Male,,16d256ba-dc4e-4559-ae41-59779f351ad3,acdbbcb425d87959c7ece71ece2d451eb853a7565006be122a579e86f1dc8758
289,Ibu-the-importer,"Ibu the importer","A rich igbo trader who imports goods in onitsha market",Male,,d3edc876-3f2f-4699-a376-0787bb06c5d5,21f50a6f5f91b955df8ebad2b0cf1078f99caf2fcbe4a2607aa46c58ada12d3b
290,Massa-the-ghanian,"Massa the ghanian","A rich Ghanian trader.",Male,,9a9a5fbd-7a3c-469c-95f2-50303c2e9fc8,38c5672032f3edfd57e57a31f036cce2dc7804d1557572bb7eeb4665d55b31c3
291,James-the-musician,"James the musician","A yoruba juju artist",Male,,0d4ad447-3836-47cd-8387-066b200cda01,54cd9929a2d9ac7a2d7109ef88446548560ecb93bc7d3d6c4e6021eac089959a
292,Gbenga-titled-man,"Gbenga titled man","A yoruba chief who is also a car dealer",Male,,dc6c1a39-ec78-44ca-8296-68c6de7b5de4,0c8a6134bf9cd46489f3b561f25e346cdbc0b1c2ff7f40dff0d005bc598fa46e
293,Abaga-the-rapper,"Abaga the rapper","A flashy millionaire and a music rapper",Male,,c428411c-5a06-4b74-bd17-e53b76f9fc6c,3424973f77f275dc289e11e11349dc6110146bbfc6e6679968117fd59388c8ac
294,Izuchukwu-the-fisherman,"Izuchukwu the fisherman","A fisherman who knows how to paddle well",Male,,15e1caf2-06b3-45d8-9b35-f95965b64e34,f8e4e9b617c4f39d8632eca7fa446037494fb63271ee03df3a81a09f3e1b6f02
295,Mark-the-philanthropist,"Mark the philanthropist","A London based philantropist.",Male,,b48cbd98-96c2-4ec4-9d17-2c798be5b90f,ef2f10c27421d4a5fb079c2eb50d78dbc72985de70e5220e4556c52140d21430
296,Desmond-the-politician,"Desmond the politician","A young politician who just became a minister",Male,,c52d4fbb-622b-4e2b-85a9-1a1d0f3d97d6,d7c4727baf9a116c93b3e648cb87d422db2e24c7276eaab6ec6b357fce7ca828
297,Okoro-the-bachelor,"Okoro the bachelor","A local palm wine tapper with hopes and dreams",Male,,e441439d-49a3-41eb-bf9d-3c7f98c268bf,c1bcece748d40af31fa9fc0022a04409516d8859d5f67923f32990d3812c167d
298,Saro-the-clothemaker,"Saro the clothemaker","The yoruba man that stole the king's wife.",Male,,7e10af4e-1252-4f96-83a8-78411e152bae,50c96aacfacbe13e244cee982d21750ab39df3ba70e06fe96008a680a5003239
299,Kalu-the-ichie,"Kalu the ichie","A man of wealth with afluence spreading all over the east",Male,,482ab247-73a4-4ff8-9172-732f3d0729b8,178f46b6008a25aa6df2eabd12af654aa86a728c102b1a136b69227e8dfcf662
300,Tamuno-the-prince,"Tamuno the prince","An Ijaw prince who is also the heir to the throne",Male,,108447d1-f2d5-4816-8ebb-599286c3fabf,5bb75464bad58ff077db762d30b46df7607a60b7e79484ff668a1e1e5b5df332
,,,,,,
"TEAM SCALE",,,,,,
301,"wendy-the -banker","wendy the  banker","Wendy loves working in the bank, as she gets to meet different people.",Female,,587645e2-5ace-11ed-9b6a-0242ac120002,4c0dcbf874c7e4f9f3d9a75504dcda08bb269b00337fe3bfef5460f11182ded5
302,"uduak-the -dark horse","uduak the dark horse","Uduak looks innocent and has the whole apartment bugged",Female,,58764862-5ace-11ed-9b6a-0242ac120002,fb34bc595252553fd7f6a40fe909a0059da9572c2141ff384233dc49f57cb48b
303,"timeyin-the -eccentic","timeyin the eccentic","Timeyin is as eccentric as they come with no care for others opinions",Female,,58764a2e-5ace-11ed-9b6a-0242ac120002,0451cc15e253b1ab29a081d073edfc975ddaf5f10bf8bda6604ae4b8f6695111
304,"omawunmi-the -businesswoman","omawunmi the businesswoman","Omawunmi is a no-nonsense woman with a shop in idumota",Female,,58764b78-5ace-11ed-9b6a-0242ac120002,4d60a592bf2f59baa6e0b019b507a968662fe657abce7722e544170cfe49d28d
305,halima-the-housewife,"halima the housewife","Halima loves to bake and cook for her children",Female,,58764d8a-5ace-11ed-9b6a-0242ac120002,331ffef3d4424606b8cdb4da24a58ec3f47f886d81cbee61deaf94972d036327
306,"muna-the -block sister","muna the block sister","Muna loves to tell everyone in the block about her younger escapades",Female,,58764ea2-5ace-11ed-9b6a-0242ac120002,5427af9671a2a8067e07e52707570b0694456e96f7d429256b4268974e288fe1
307,"stella-the -gossip","stella the gossip","Nobody gossips on the block like stella when smoking.",Female,,58764fd8-5ace-11ed-9b6a-0242ac120002,c27217593a5d4cd398849bdc8d1a952221495e4ab2e96162e3e48d4124d7bcc7
308,agbani-the-wannabe,"agbani the wannabe","Agbani loves to shop antique ndecorations for her mansion in idi-iroko",Female,,5876542e-5ace-11ed-9b6a-0242ac120002,161ff82af5602cbf5dd803dedf5a47284e0c99579a9fa9ab8a13e6ee2142128d
309,"asante-the -warrior","asante the warrior","Asante came from along line of warriors in Ghana",Female,,58765578-5ace-11ed-9b6a-0242ac120002,a7b595872a941a0aef9affb999170accb7f01f99f7ce20cc3208a83afc6acae8
310,"hilda-the -insomaniac","hilda the insomaniac","Hilda prefers to sleep during the day",Female,,5876569a-5ace-11ed-9b6a-0242ac120002,8d2bc25a9cbfd42d7bfd87e02cc6aaf3ca6847844f08cd6cdf67ba782dc3f1a4
311,"sisi yemi-the -street aunty","sisi yemi the street aunty","Sisi Yemi is everyone's favourite street aunty.",Female,,587657a8-5ace-11ed-9b6a-0242ac120002,4f8214eb177c3c2177bcc36e24436665b6a110182555fb243f856b46d7dbe0bb
312,"chiamaka-the -bully","chiamaka the bully","Chiamaka hates people in her business and likes to scare the kids on the block",Female,,587658ca-5ace-11ed-9b6a-0242ac120002,cc9345ba0ab53ae302e5b1db24f1ada695b62c530be49117ca6140dc74232057
313,gift-the-fashionista,"gift the fashionista","Gift has always been bold and that spreads to her fashion sense too.",Female,,58765adc-5ace-11ed-9b6a-0242ac120002,08f8037621d58d9ead7d9351510133058ad3e9296db5144fd89e4123a3d55e51
314,omoyene-the-weirdo,"omoyene the weirdo","Omoyene likes to murmur to herself and talks about seeing ghosts",Female,,58765bea-5ace-11ed-9b6a-0242ac120002,42af05cd5a544f7372daacabf46361066d39b42d8fd952897c9b1588996d5961
315,"maria-the -freshface","maria the freshface","Maria likes to believe the world is sunshine and rainbows while blowing gum",Female,,58765d02-5ace-11ed-9b6a-0242ac120002,aef2637a70701ee8722e43483d6e1a92eaa75f701ce0e57011bdc924b655a6f1
316,"monica-the -smoker","monica the smoker","Monica is never found without a pipe and loves to interject in every conversation",Female,,58765e24-5ace-11ed-9b6a-0242ac120002,0b9d069835c2804adcdcb84aa3f2cf3b7b53eed482750f974042680a846d5955
317,,,,,,,44ed7c6448d29bc4c7e23fc4721a6446e57aa99b7370b57862fdc5c5c42c58b9
318,,,,,,,c98671463fc786a26fc70e1faf2131182d701f5ec6c8a01205e37a07928eb062
319,,,,,,,2d790d52f40b090e944af3fdf81b7da0b41c0345eab1ea5f2c6c9ce51fb62ae8
320,,,,,,,eb37befa9b7e4f50da4f64098467e8f4553c7feb5aed9c09bf30b0dffc644597
,,,,,,
"TEAM SANDPAPER",,,,,,
321,Omunyinyi-the-stoic,"omunyinyi the stoic","omunyinyi wears a Kitenge coat",male,,c2d6a3ac-1d4d-4268-ba7f-4f0f8f50c1ab,6d462b7d90e5d06c15145558f2f83869d0a16d3fcf102a841ab62a83579d4caf
322,Kamau-the-sleeper,"kamau the sleeper","closed eyes meditating",male,,20330f5c-40c2-4f6a-b9d8-d1d04fb97daf,97f6309fa6d92073782a96f5a4e0e34afbb0ba2a9a5ed4b6f486b9accccff0f6
323,Mutiso-the-lastborn,"mutiso the lastborn","masked up mutiso dozing off",male,,0706c338-42eb-4d26-84ea-c24b39628200,6690544584e48f65c65fae29969022ac0bd1aaface0ea7f0a3a93155af78bc38
324,Omondi-the-vegeterian,"omondi the vegeterian","omondi wears a green coat",male,,bfb5e8d5-d7a7-4aa8-85e8-d7d9afd4adb3,861883a51997f622e7aa951dfbc2081f83fac79f550845b7dfeb03d1df03bd86
325,Barasa-the-optimist,"barasa the optimist","looks up to the sky and makes a wish",male,,2da4bef4-38cc-4414-99ad-7361fac04b2b,b72e76f7ed539fc089195cfcf680ea3ffb7f287ed3d9113c7896ffe6a0918ceb
326,Mwembu-the-elder,"mwembu the elder","old but not so old, with yellow his favorite color",male,,36181230-6ac9-417f-af5c-23bdd2c25ecb,6c23627918889dbfd952edf2527d062e40644d045bad37bb4d6579de78b50ed4
327,Mbogi-the-fighter,"mbogi the fighter","masked up mbogi after capture",male,,3a7bc3c4-1463-42ce-84c9-07337da64435,919b3d0eeae6970e0ff10ee0e7d8ba284de4ca9f6837cb3c4fc7c33b8efcc019
328,Mrosho-the-runner,"mrosho the runner","masked up mrosho",male,,b2ca2c76-3b6d-43f1-8cc9-089b6ab83876,b7ef66dfbed1518d3c7e7b8c8d91aefcb285b756fcd55e1fda65746b14aae75e
329,Milele-the-african,"milele the african","milele with a nice african print in orange",male,,644b0259-d75c-456d-934c-ce7c052bad3a,cec6b2ed99b1e9209536e7c8799207069ddf4b6b46f62cfd25803655a8dbfb69
330,Olebon-the-oloibon,"olebon the oloibon","olebon in customized buba sokoto",male,,de261efe-731d-461e-b2e4-42edd2f48f72,f76dd35091d9a950119e6b8fd8692f5f7ea5c3c631cb4f6a67db0e2d7c210303
331,Chifu-the-maasai,"chifu the maasai","clothing inspired by maasai shuka",male,,239933c4-7177-4b5b-86e8-e6f952301344,69e8e662c6b85b50ef11f07c1b4135032d2396d79b758ae987b5e879821604df
332,Mwangaa-the-voice,"mwangaa the voice","mwangaa the chief",male,,49179b62-812d-4d0f-b518-4af7fa79f8bc,b3ff557d67dd482084dbdd361734d6b5be9f84f8c6d0036767fbd2a6142b6445
333,Waforte-the-first,"waforte the first","masked up man who does sleep a lot",male,,871912a8-d96e-4594-b7b3-450d94ee6924,cd83c45974bdbf15a0907b4e14b1495efa92cbea5d89d3b700a0ca24e8a3c9e3
334,Kariuki-the-prayerful-one,"kariuki the prayerful one","kariuki closes his eyes",male,,6a5b6fa6-0f91-4b01-957f-c766945eb704,198ff065db6e26deffc587349dbc5fee78391e911a15e7b99ea35574793d65c5
335,Kenyanese-the-priest,"kenyanese the priest","masked up man with with white cloth",male,,0706c338-42eb-4d26-84ea-c24b39628200,fd1adf0e49c6c9e590acb9a04c86fb6facec183bd1c9bf4adbb6ea11185a97a4
336,Nyimbo-the-singer,"nyimbo the singer","glasses and a pot for the night",female,,d05af807-b3e9-4ad3-8df1-b7864d2daa33,ba4242e3483f216f7a43df16e819c8a4d37fb951fc4f066d4b193c6e317dff07
337,maathai-the-nobel-winner,"maathai the nobel winner","mathaai the warrior",female,,0871cb8c-8d56-445d-92c7-01793f327707,33d331495636c27fb2981b6e92140ea319cf7af5c2a2b7ba1e944fa7c325a3c9
338,Tish-the-angry-one,"tish the angry one","angry tish with specs on",female,,750a89dc-44ff-43bf-8211-b7776f1b5e52,e9fb23dcc97e8effddce3a8e6b6dd2d2c36e215a76d006871bf76fb0c645e94d
339,Wamenza-the-winner,"wamenza the winner","wamenza the leader",female,,7348c9ed-4ac9-4785-9434-0a1f0dcaf8d8,0476eb7f4cb665345af09498f8196bbad8d41d31e9e46291ca0f307499cfa1df
340,Isaya-the-track-king,"isaya the track king","isaya the traveller",male,,41781a16-d2b8-4fc6-a1f4-b9fffc5c95ba,a7dc9e2efd2ffc10edc30e6ecf100fec4155c7d1069645f14ef1af7571b881c1
,,,,,,
"TEAM RULER",,,,,,
341,mansur-the-partyrider,"mansur the partyrider","Mansur is the life of a party and never caught dulling.",male,,78db0f29-3936-4d9c-bb90-3dbf20dba2dd,9602cbdf29e80ffb6f1f45a877885b1631ccf76c2922518e93c70325000b23fd
342,tola-the-businessman,"tola the businessman","Tola loves business and owns several shops in idumota",female,,1c5d5a6b-cf04-4bf9-978e-22a7e9bc5819,1b02fa5eed3d94f89ac76bb1cb34f8a57fc7554774fff67c0ae7ad5dfb676c0d
343,abdullahi-the-honorable,"abdullahi the honorable","Popularly called ""buje budanu"" a godfather who lavishes money on young thugs",male,,dd708276-445f-4483-8357-fc08e999328f,c5f355c638952f877ec66061ea94e4b892ad3c2bdd0b48065042333ca18902f3
344,ojukwu-the-badguy,"ojukwu the badguy","Ojukwu likes to oppress and cause trouble",male,,76c1eabf-15ea-446a-8426-472982c4d800,3686bc275a86b2baafb207db9e957891ef0a043c90bed2cc80f7ddab9030c808
345,odunsi-the-egbonadugbo,"odunsi the egbonadugbo","Odunsi loves to advise and people in the community rely on him",male,,2912ab8b-5875-4277-a5c2-a0209aee90ae,6e5d9f8be5fae17a7969d39ebc8fe89078113fa3f2af92144bb92115c0a24571
346,ogogo-the-sugardaddy,"ogogo the sugardaddy","A rich oil magnate who loves to 'solve' young women's problems with his millions",male,,aa575f30-04ad-45f9-a798-199465117793,2d2ceea67ffe2e51aeb51e2600c67fd6459c8883c34962f5982cd32d37a31ce6
347,suli-the-amalaseller,"suli the amalaseller","Suli sells amala , she is very rude, and they say thats the secret to her sweet food",female,,46fd4821-04dd-4f65-9290-c130a00c4c93,3950d82b3f672f11fcbc78fb5bc9206825e9a3f940052d8e564aa8c07c9abb9e
348,dolapo-the-afrocentric,"dolapo the afrocentric","Dolapo loves african prints and loves to showcase culture",female,,cbab232b-5c62-4df8-867b-018a2e496cd4,5a870f12624287fdde369034ae7d088be9d73ab17f43daa834d87bd89b4a31a1
349,danjuma-the-saddist,danjuma-the-saddist,"Danjuma is a grumpy man no one likes to associate with him",male,,5a42af57-186e-425b-b6b1-f72bda4911ef,1b18571e7b9a5b334db938d58e4fbd470143c02fe764c396a9f36fba12f90b02
350,chinedu-the-farmer,"chinedu the farmer","An hardworking farmer who has 6 boys who help out on the farm",male,,9e8a55d7-0d8d-465d-a628-08ddd387a2c6,bc6a418aacbe9dbbfdf140e37f109b19ca285370bf60cf4f88ca016055953061
351,kola-the-baldguy,"kola the baldguy","kola girls fall for his bald head and always barb it",male,,c32f1757-da9c-49e8-bd79-510a42b6971a,f4c1d7b56afe2111d2efe66f0e5292f15743499292887e2754dd068e9486e490
352,bola-the-bosslady,"bola the bosslady","Bola commands boys and chill with men",female,,09ff910d-a2be-49d5-8b27-b9378458701c,5e45120000eb3e1dc35720432ffaf74e50d6275d125633b17c3fb1518432cadd
353,kunle-the-alienguy,"kunle the alienguy","People feared kunle because of his alien's colour",male,,dea2f5d8-e3ba-4d3f-9a17-0a7edfd0c100,dd238963d9df84433cc7345b39b7dbcad21f1b5e35c1b81a9de9d0ff6588379b
354,segun-the-sharp,"segun the sharp","Segun drives with caution and people love him for that",male,,f9159a9c-f48d-4aee-bcc1-63c86209f806,abe708a04e756c11c5cb2944c2d24fe6a3c4105eab4810df28c42e8cebcc2a15
355,ola-the-hardguy,"ola the hardguy","Ola is feared by many and he leveraged on that",male,,a814fc77-bdfa-4e50-8ba8-3e4e4bcfb3c0,f3013ac930571a77e03390a8b4207400282ecd8a909ad747ac807e4ac14ce567
356,emeka-the-chief,"emeka the chief","Crowd are always at Emeka's house and people respect him",male,,195e89c8-0b6f-43ad-9a2c-d20f03439e96,07a7e0b93f33cdb3deeffd4a3bc23958b189c49cf0dfaaba7d0ce9a318130957
357,ugochukwu-the-celeb,"ugochukwu the celeb","Ugochukwu has many followers on social media",male,,74775cda-cff4-4d21-8819-693127598eca,e2b3fcd0443c2214198d06797c1cf7e210ff3666d2fa91ca41c0ab7f85b485cd
358,adekunle-the-yorubademon,"adekunle the yoruba demon","A womans' man with no devotion to any of them",male,,5c98c2d8-3144-4e08-8a0f-9b8d7e4f5aa7,49a7d25436caa859fa3db9fcc841601e8d4a167557e170cd8ebbd700564cc107
359,favour-the-fashionista,"favour the fashionista","Combining dresses is not a problem for Favour",female,,19fc15c3-80fe-4d45-a2fe-be8f087d57c4,367db8cf886f22c88514139d00497a2f51549464cd728421182d891d25e5b89e
360,jane-the-slayqueen,"jane the slayqueen","Jane is always found in the midst of men and loves partying",female,,74775cda-cff4-4d21-8819-693127598eca,0311c1d94f15242dde9d3678ea7c157f1ddae22ee9c646e56dda366d93843956
,,,,,,
"TEAM VBELT",,,,,,
361,osas-the-ceo,"osas the ceo","Meet Osas, a Gen-Z CEO with the British accent.",Female,"Hair: purple dreadlocks, Accessory: gold glasses",b10f7e42-4778-49db-820b-dabbad75504a,5ddd1d2183dd15d7c62a408f86567b92592e79ee35533a63b96565e9c2699816
362,"nneka-the-rainbow babe","nneka the rainbow babe","Nneka, the happy rainbow babe with the vibes",Female,"Hair: pink, Accessory: Pink",e7e20ab8-03e0-4e0a-80aa-6e193f84426e,9da1227f2ab985648331d4cdf263b84564cc5d5779b1bb8edc31772d871308e5
363,"temitope-the-spoilt girl","temitope the spoilt girl","Temitope, our favourite Daddy's girl.",Female,"Teeth: vampire teeth, accessory: gold glasses",10cbcbcb-754e-4175-b85d-d0c7eafa16a2,d429494e4a2cc8070638da82d1f25a5e9877bee57949be732245bd68dfe8717d
364,"bekeh-the-party animal","bekeh the party animal","Baby Bekeh, Life of the party that goes home with your charger.",Female,"Hair: dark brown, Accessory: gold glasses",f0558235-3043-46e5-b26c-5bde83cc67fb,d46404869999dd360d6847d292c4901fec25da46ced08ed42fa66d0390298968
365,"nana-the-tech lady","nana the tech lady","Nana, the tech madam that doubles as Kumasi Adele in her bathroom every morning.",Female,"Accessory: gold glasses, beret, Hair: black",e0858913-7050-4c4a-a2a0-442a88463334,daaa20d3121c2625b2144fad714baabcb7802566d82696d006dfe695b94514d9
366,rofiat-the-marketer,"rofiat the marketer","Rofiat, the distressed marketing intern.",Female,"Eyes: Brown, Hair: Purple dreadlocks",1e4d9bda-f6f9-4e7a-9381-bee4b074b56d,efe65d405383d1165fbb726dd014c07c8e51973809ac645bcc34cdaca9c9397d
367,zarifa-the-righteous,"zarifa the righteous","Meet Zarifa, a proper baddie for Christ.",Female,"Eyes: Blue Hair: Pink",c6955d16-c343-46bc-9bed-c069ea8cc65a,3908b67b1727243196a4c8fc404ba5402a8da9b9512a78887f2250a6064b91cc
368,modinat-the-troublesome,"modinat the troublesome","Modinat, The queen of Gbas Gbos.",Female,"Teeth: vampire teeth, Accessory: brown glasses, Hair: long maroon hair",49eb44e8-1117-463b-b7b3-1bcea4258362,c23bd59cfe89d921cd9e4c61cb225445f2da40cb1a4e1dfdf48e7c45f15219f9
369,amaka-our-mummy-g.o,"amaka our mummy g.o","Here's Amaka, our one and only mummy G.O who's been to hell and back.",Female,"Eyes: blue, Hair: dark brown",853edc40-0f9d-40c5-ba78-46067dfd7f68,f43f2909e51f17629f463873772410186a95194ad03e93b7877f2bd6262edf63
370,mawusi-the-patient,"mawusi the patient","Meet Mawusi, the sweet sister waiting for her Canadian bobo.",Female,"Eyes: Blue, Accessory: beret, Hair: Black",ca9ddc30-141a-493d-851b-71d34f599641,545b8ba5d6f66eb8d55f974a1114484a11d08dbd89ea8492cee4918bfc20c4d6
371,nesta-the-difficult,"nesta the difficult","Meet Nesta,the National Chairlady, Shege Administrators of Nigeria. (SAN)",Female,"Hair: double puffy hair, Accessory: hair bands, Eyes: brown",fc3b7ca7-efdb-45b2-b7c9-e69107484a43,9ecd99e5dfb321df4437d112179d88314e1e621fc8e5604a1e2e5b3455f29248
372,"adaora-the-choir mistress","adaora the choir mistress","Adaora, our able choir mistress that will take your boyfriend for vanishing.",Female,"Accessory: choker necklace, Eyes: brown, Hair: black",df944505-da1a-424e-88aa-b9d365bd2775,8344dda2215287f73ce0ebda4534eed8cf38822a575919e1836c136583ae8104
373,"busayo-the-husband snatcher","busayo the husband snatcher","Miss Busayo, Can transplant your husband with the blink of her eyes",Female,"Eyes: brown, Hair: brown",73c8d935-4a71-41d2-a1de-066ae8d548e6,331e7d923db4d2d8cd1157189968431cc0814bd27d8ff5eb336f7325b206f64b
374,wangari-the-waitress,"wangari the waitress","Wangari, the aspiring musician that doubles as a waitress.",Female,"Accessory: Purple earrings, eyes: brown eyes, hair: purple dreadlocks",4bd7a15b-cc66-4e2d-8fdb-d550f2dd645c,dfa6fae63f268d90997d14391e6f59dbf69af27a1906c3c5e6a6aeb9429cbbfb
375,"charlene-the-shy lady","charlene the shy lady","Meet Charlene, the shy sweetheart next door.",Female,"Hair: brown afro, Eyes: brown",36539b84-ada0-43cb-92d4-30596e07a39a,3f78a7387e16d3d036824e36ae3f7d7ca3907ae79e70632566f9725c4f09948a
376,addae-the-unretired,"addae the unretired","Mummy Addae, the hot grandma that has refused to retire.",Female,"Accessory: choker necklace, Eyes: brown, Hair: brown",ced7b53c-73de-4fc7-a652-2b17ebfe68c9,62dcfce581c2fefc44c4dd0f1ad90ae1dd8b1ff4ac8d4b49ff62c6a180d2b507
377,"abena-the-slay queen","abena the slay queen","Abena, the gang's slay queen",Female,"Eyes: squinting, Hair: long brown braids",1e4728e1-3e45-4972-9755-4a38e784ff91,fea3002a7e75490febe386982c3ea7b0618e060f107658670d32f466c73673c6
378,"gasira-the-violence mama","gasira the violence mama","Sister Gasira, wipes people Oraimo cord for a living.",Female,"Teeth: vampire teeth, Hair: brown bun",ea72337f-658f-4198-9ad6-39bc6212c20d,64dcb42d8f14538300373faba22f660266643e476dbcfbb5f65eaa77d50072fc
379,"salamatou-the-exchange student","salamatou the exchange student","Salamatou, An Ivorian exchange student who's in love with Amala.",Female,"Accessory: beret, Hair: Black, Eyes: Squinted",0e216fd1-d96a-4e3c-a59b-c807f772c5b3,b54161374a0c032c659363dae45ccaf4272678cce3b34cafa326908a36befffa
380,nguyen-the-foreigner,"nguyen the foreigner","Meet Nguyen, the Asian Aunt that's addicted to Waakaye.",Female,"Eyes: Squinted, Skin: White, Hair: dark brown",0381301b-b5a3-42c1-9f73-2c43c0b8493f,a5367a5695638304c5f8a8ea2fbb21d19f519ecb7d1d64cb4a53a6b8e4678143
,,,,,,
"TEAM AXE",,,,,,
381,Olofi,Olofi,"Olofi is the Yoruba creator god and messenger.",Male,"Eyes: Sky Blue. Accessories: FaceMask. Strength: Creation God. Weakness: Love",26340cc4-e334-494e-a737-f2b4bb9bb22e,b130e1ca695b102d79199c13337fab832b5780c76cee77a4f3054c329f91dd51
382,Amadioha,Amadioha,"Amadioha is the Igbo high god of thunder.",Male,"Eyes:Shut. Hair: Bald. Accessories: FaceMask. Strength: Thunder Bolt.  Weakness:  PalmOil",a0586a93-7aff-43cc-8282-d081b8d6fe90,771a764bd1656eae7e0281d66127fa0fad2e5a4223df92f9f2eb40d0db2358d7
383,Sango,Sango,"Sango is the yoruba diety of thunder.",Male,"Hair:Shiny Bald. Clothing: AsoOke. Expression: Cunning. Strength: Thunder Clap. Weakness: Mice",15e1775c-74fe-4a0b-b79c-49f6b730fa89,9d0d5b63e4cad47b7d4a1b6dd972bd4c62724d323d6dfcdfb7961b3f2fbb2ef2
384,Agwu,Agwu,"Agwu is the Igbo deity of health and divination.",Male,"Eyes: Aquamarine. Hair: Shiny Bald. Expression: Childlike. Strength: Healing. Weakness: Fire",311a6713-66c9-43ce-82d8-e3ce03a87a81,cb84c15fe75df0962304d2a25ad663778ee5708f8b72d9bacc57d1134a16a3fc
385,Tano,Tano,"Tano is the master of the Ghana river Tano.",Male,"Eyes: Squinted.  Clothing: Yellow Danshiki with patterns. ",9c34a73f-33ee-4577-aba8-0982c1656ba7,5eb86f46e1e89f5da148be1c2030b5841a39205feb4bf0b43a0524af58b84c20
386,Anansi,Anansi,"Anansi is a trickster god of stories of the Ghana people.",Male,"Eyes: Sleepy. Accessories: FaceMask.  Clothing: Black Danshiki with patterns. Strength: Illusions. Weakness: Mirrors",784f0f6b-4273-4a31-88d7-2455b96c9011,ad0d2e031dadad1222b07a36a5e3836a37dbcadeed902175d0a804a7ebc9daf6
387,Nyame,Nyame,"Nyame is the omnipotent god of the Ghana region.",Male,"Eyes:Black, Hair:Bald, Expression: Serious. Accessories: Facemask. Clothing: Yellow Patterned Danshiki with black lining. Strength: HeatBlast. Weakness: Cattles. ",f3af0bbd-0724-4696-89ff-ed67f63e6b4f,a6524db04d6edead504ecb48faf38524d04acfca66c0f378ad7dfbc645578ac5
388,Obatala,Obatala,"Obatala is the lord of all gods in the Yoruba land.",Male,"Eyes: Pitch Black. Expression: Mysterious. Clothing: Yellowish Blue Native. Strength: Oro Ase. Weakness: None. Nicknamem: SkyDaddy",c447c120-830e-4543-9cb3-5917ba36bce8,5d4ab5afc5827676ab512dded8222b0180fcd063aeaebcbb9a3db8bc8afa66b8
389,Erinle,Erinle,"Erinle is a powerful hunter of the Yoruba land.,",Male,,dacbbb38-087d-4248-8085-13b619da0ef9,d8d772b64d3163ce303138c1cb06fb0442fb1e975dd7ac524b49de3426214b78
390,Ogun,Ogun,"Ogun is the Yoruba God of iron and metal work.",Male,,94c607b3-791e-40df-bd93-50926f094143,99b766f70dcf1f32a529155c5c50b53c784043da2f88b2e013c6bd898e344922
391,Abosom,Abosom,"Abosom is the goddess of wisdom and knowledge of the Ghana people.",Female,,b3427836-627b-41e4-a2d0-c29473448343,6379ea8d9b502b91a85f15b609c163bf282a5db18814ac84cf37a3ad77497610
392,Oya,Oya,"Oya is the goddess of violent storms and winds of the Yoruba people.",Female,,22aaebe4-4659-44de-ab3d-c4dae11fe9f5,b1882315a46fdd1fd9d87cf6c89d835acfb48a499e47245d00e323457d73770e
393,Agbala,Agbala,"Agbala is the stylish goddess of the future for the Igbo region.",Female,,ca720bf9-5e47-4421-b38f-bc62162ae99e,51366bb8b399d92070831c7eb39d8a1a6227f4e2a7f5431e9536792263a971c2
394,Njoku-ji,Njoku-ji,"Njoku-ji is the goddess of new yam of the Igbo people.",Female,,3b795bad-91b4-4d0e-8ed8-bccbb226fc55,1fd426b39acf81ad45818e34d4689890443dff968378bc037dbbe9570ac851a2
395,Akonadi,Akonadi,"Akonadi is the goddess of justice and prophesies of the Ghana people.",Female,,2aebd094-3be5-4773-a7a0-361f6332a7d4,ee5c2dc60f11f53a72d045b21e5114ad7a8fe5e026a9c5833ebf0a6d4141570a
396,Onyame,Onyame,"Onyame is the goddess of the moon of the ghana region",Female,,fb148f97-d309-45a4-b902-4e066ca13f96,d09ad49f9e78b5cbe5f4c86a5082b54ece545501e1754ddf430c07a8415d5e3c
397,Ibeji,Ibeji,"Ibeji is the goddess of balance and twin of the Yoruba people.",Female,,7b210c03-5446-462d-980e-c73dbbc1e386,e2aaa774af090d6f543aebc568fa63143d1f08ee3536ced8b679151f2817d6be
398,Asase-ya,Asase-ya,"Asase-ya is the goddess of fertility and love of the Ghanaian people",Female,,80b51092-3fbc-4d0c-8518-fc461ccb6c80,c83d1943284829a845dd9220033d0f85c93f7958696d4c9c4e58c24d7e92a079
399,Yemoja,Yemoja,"Yemoja is the stylish yoruba goddess of the rivers.",Female,,1693b44d-96cf-4c2d-89be-9f4219c28447,d813199281bfd88a3a50ff0efd76c53327bb2396eeaef44e58de21b205924a61
400,Yemaya,Yemaya,"Yemaya is the Ghana goddess of rivers and waters.",Female,,9609d0f4-d9d3-4cff-aa06-a9c459fefa39,f2177439f032f17b68ab765754aeefaf40cc36957bcc38a7c7696066e63449b2
,,,,,,
"TEAM BOOT",,,,,,
401,smirky-becky,"smirky becky","Becky ends every statement she makes with a smirk.",female,"Eyes: Brown, Accessories: Ankara beret",87bcc41f-eb3e-4ba2-9645-223c949a9b50,9e4913830dd04bae8e286a49912fff61247d3e9b7e41561c93ded6af3b399684
402,ankara-scarlett,"ankara scarlett","Scarlett is a tailor at yaba market and she loves what she does.",female,"Hair: Orange bun, Skin Colour: Caramel",66d0149f-5f2a-4ded-8e6b-9bd7d7631c39,46d008eddf33c6145c5ac598a70821f78c91c3203fecb96b208e178c640017a1
403,sea-rastafaria,"sea rastafaria","Ronke is the ghetto goddess that nobody wants to mess with. Stay clear!",female,"Hair: Purple dreadlocks, Skin Colour: Caramel",d1556c97-9075-49fc-8bde-1826bfc2dbe1,67c469849e162bfdb5ce12a10513e5233cf0c5f57976623f2cea916a941bc26f
404,pretty-betty,"pretty betty","Betty is always proud of her beauty.",female,"Hair: Orange bob, Skin Colour: Caramel",6a4f5b7c-914d-42c5-8e5f-d1c34ca48886,8985e02fdfe16c806f365920e50fec4b80db005ececddd0265c5639236207be4
405,lola-medusa,"lola medusa","Lola knows how to seduce every guys she is into.",female,"Hair: Long red braids, Skin Colour: Caramel",32ec57f7-8272-4671-ad2d-db3dff99fe9f,82558f73b0a616de72e4ac20977682d289176fa9ee93b007d918e881ee8f80f9
406,bukola-nosend,"bukola nosend","Bukola is friends with many but always get moody.",female,"Hair: Brunette bob, Skin Colour: Dark brown",59d19b13-09e2-412e-a669-df020e03ae10,787cd4ec74198742dd0b291d0ecd6549011247eda4f8e821b832373616a35387
407,burna-morgan,"burna morgan","Morgan paints the town red with her red hair.",female,"Hair: Two brunette buns, Skin colour: Dark brown, Accessories: Tobacco pipe",d08af477-de20-4780-8449-46b87840b9fa,b375a2560696fe10c1c32a100148dd96f04fd1f597eee29c416eaa288c86d2dc
408,afro-star,"afro star","Bimbo is an afro star with great affluence.",female,"Hair: Orange afro, Skin Colour: Caramel",40743b16-ae12-4b4a-989c-e5fbf1e2e0ca,2809a385f2266fad9e2ce2a0bc8a7af52a6cd37109d74ce514ee054d0cccb320
409,fiesty-sandra,"fiesty sandra","Sandra is a social animal, correct owambe ambassador.",female,"Hair: Brown bun, Accessories: Purple bubblegum",d875aa6c-3e4a-4450-b09c-e9f1cdcc3947,3e5c2eea95d524635053100bd658aa922b679cd626088b0cd2eeb4a9b63ff7e5
410,sister-nkechi-sabi,"sister nkechi sabi","Nkechi is the true definition of amebo, always in peoples business.",female,"Hair: Black low cut, Skin Colour: Brown",a728a380-1d33-4080-841d-80b041474d8f,c67311ee0dc202fd50d5bb3eaf183a444d8beecc446e146b72dcbadf4b50cfff
411,unfriendly-gina,"unfriendly gina","Gina is an angry one, she has no friends but she has a lot of money.",female,"Hair: Orange bun, Skin Colour: Caramel, Expression: Stoic",dd30a327-8a74-40a5-8207-19a790508ccc,9516595d5fc7b567088a46ca830d7762a7a81ad851be65f2eb18944f6cef9e74
412,dada-ganster,"dada ganster","Dada respects no one, always finds pleasure terrorising others.",female,"Hair: Purple dreadlocks, Skin Colour: Brown, Expression: Annoyed",e1a43f65-aad2-4385-ac5e-bc159c6e0f2a,a7caa6d25437f43d6704c1694e74010c083559039aa20fca86a07a67763b8e3d
413,idoncare-linda,"idoncare linda","Linda is a beautiful but very annoying girl, she turns every thing to a fight.",female,"Hair: Orange bob, Skin Colour: Caramel, Expression: Mischievous",ed04b47c-ae98-4db2-b71b-04d7bb976d45,2368cbf1ef9692e9961af8aa51baf84b25f6eea10540d6474dd948fe4bd0ea17
414,doubting-vivian,"doubting vivian","Vivian just like the thomas in the bible, she doubts all.",female,"Hair: Long red braids, Skin Colour: Caramel, Expression: Pissed",a0282797-44ef-4bfb-a701-e4ed5e727d63,45bf2a50a341d5a89a51c064d01ef41ed12eecdb4a268299c4986e28474dfb31
415,simbi-side-eyed,"simbi side eyed","Simbi is reserved but doesn't allow anyone intimidate her.",female,"Hair: Two orange buns, Skin Colour: Brown",1f99104c-e98b-4c9a-9891-00a481e86008,19ed11371049417e74b20679f41599c8efedfb7b66aaa9db85c842e68add4894
416,bambi-tekno,"bambi tekno","Bambi is the dancer of the team.",female,"Hair: Brown low buns, Skin Colour: Blue,  Accessories: Yellow sunglasses",95ff5e2c-1ff2-4d58-890b-de0f39f9d8ce,3f13d4746d29a736bf99e186a990af7ad8c29d66c4ce58501fb2e6fb31660642
417,saka-portable,"saka portable","Saka is forever convinced that his toothless smile is the icing on his cake.",male,"Skin Colour: Blue, Accessories: Purple cap and yellow sunglasses",bd98f74f-e42e-494e-8298-3183555ca666,25eaf87a43ecfc515a465053221ca6c4d12b09b62c6c052ac241f486f125e087
418,king-of-boys,"king of boys","Busayo finds her way in ruling the boys and that's why she's king of boys.",female,"Hair: Black buns, Skin color: White, Accessories: Cigarette pipe",a650e79c-f964-4eb1-aa89-f9c1dbdede76,8b7eee05fc71695e6c41e26cdf76b31bcbb7725778d7ede8b90ca70ed0cd1d2e
419,funky-alte-pop,"funky alte pop","Funke is always the life of every party, strong gen z advocate.",female,"Hair:  Two red buns, Skin color: White, Acessories Yellow sun shades, Expression: Rugged",b6753a8b-6127-4e97-812b-99e465791ba3,09133c8237e0b592c02f8882e4ef4593ce31ae9f89c9ca4d075b811a86b04aae
420,madame-ngozi,"madame ngozi","Ngozi make heads turn with her bright colours.",female,"Hair: Brown afro, Skin  color: White, Accessories: Yellow sunglasses, Expression: Pissed",7ecdbb1d-9a89-4136-b240-499051836979,154bee2df1aacfc4041479f0580217d3f05c50eff8be6c6f1846e63bb9aa5066
